,Rank,Hotel Name,Rate,Site Link
0,1,Hollywood Hotel,4 of 5 bubbles,https://www.tripadvisor.com//Hotel_Review-g32655-d77237-Reviews-Hollywood_Hotel-Los_Angeles_California.html
1,2,Hilton Los Angeles/Universal City,4 of 5 bubbles,https://www.tripadvisor.com//Hotel_Review-g32655-d78694-Reviews-Hilton_Los_Angeles_Universal_City-Los_Angeles_California.html
2,3,Hotel Erwin,4.5 of 5 bubbles,https://www.tripadvisor.com//Hotel_Review-g32655-d81170-Reviews-Hotel_Erwin-Los_Angeles_California.html
3,4,Hotel Figueroa,4.5 of 5 bubbles,https://www.tripadvisor.com//Hotel_Review-g32655-d124956-Reviews-Hotel_Figueroa-Los_Angeles_California.html
4,5,Loews Hollywood Hotel,4.5 of 5 bubbles,https://www.tripadvisor.com//Hotel_Review-g32655-d224168-Reviews-Loews_Hollywood_Hotel-Los_Angeles_California.html
5,6,Hotel June,4.5 of 5 bubbles,https://www.tripadvisor.com//Hotel_Review-g32655-d656235-Reviews-Hotel_June-Los_Angeles_California.html
6,7,Luxe Sunset Boulevard Hotel,4.5 of 5 bubbles,https://www.tripadvisor.com//Hotel_Review-g32655-d77827-Reviews-Luxe_Sunset_Boulevard_Hotel-Los_Angeles_California.html
7,8,Hotel Indigo Los Angeles Downtown,4.5 of 5 bubbles,https://www.tripadvisor.com//Hotel_Review-g32655-d8552209-Reviews-Hotel_Indigo_Los_Angeles_Downtown-Los_Angeles_California.html
8,9,Sheraton Grand Los Angeles,4.5 of 5 bubbles,https://www.tripadvisor.com//Hotel_Review-g32655-d77798-Reviews-Sheraton_Grand_Los_Angeles-Los_Angeles_California.html
9,10,InterContinental Los Angeles Downtown,4 of 5 bubbles,https://www.tripadvisor.com//Hotel_Review-g32655-d8678267-Reviews-InterContinental_Los_Angeles_Downtown-Los_Angeles_California.html
10,11,The Wayfarer Downtown LA,4.5 of 5 bubbles,https://www.tripadvisor.com//Hotel_Review-g32655-d19120404-Reviews-The_Wayfarer_Downtown_LA-Los_Angeles_California.html
11,12,Sheraton Gateway Los Angeles Hotel,4 of 5 bubbles,https://www.tripadvisor.com//Hotel_Review-g32655-d78046-Reviews-Sheraton_Gateway_Los_Angeles_Hotel-Los_Angeles_California.html
12,13,La Quinta Inn & Suites by Wyndham Lax,3.5 of 5 bubbles,https://www.tripadvisor.com//Hotel_Review-g32655-d84182-Reviews-La_Quinta_Inn_Suites_by_Wyndham_Lax-Los_Angeles_California.html
13,14,"The Westin Bonaventure Hotel & Suites, Los Angeles",4 of 5 bubbles,https://www.tripadvisor.com//Hotel_Review-g32655-d77874-Reviews-The_Westin_Bonaventure_Hotel_Suites_Los_Angeles-Los_Angeles_California.html
14,15,Hotel Angeleno,4 of 5 bubbles,https://www.tripadvisor.com//Hotel_Review-g32655-d84522-Reviews-Hotel_Angeleno-Los_Angeles_California.html
15,16,JW Marriott Los Angeles L.A. LIVE,4.5 of 5 bubbles,https://www.tripadvisor.com//Hotel_Review-g32655-d1100791-Reviews-JW_Marriott_Los_Angeles_L_A_LIVE-Los_Angeles_California.html
16,17,Blvd Hotel & Spa,4 of 5 bubbles,https://www.tripadvisor.com//Hotel_Review-g32655-d2072559-Reviews-Blvd_Hotel_Spa-Los_Angeles_California.html
17,18,"SLS Hotel, a Luxury Collection Hotel, Beverly Hills",4 of 5 bubbles,https://www.tripadvisor.com//Hotel_Review-g32655-d84463-Reviews-SLS_Hotel_a_Luxury_Collection_Hotel_Beverly_Hills-Los_Angeles_California.html
18,19,Venice Suites,4 of 5 bubbles,https://www.tripadvisor.com//Hotel_Review-g32655-d1141014-Reviews-Venice_Suites-Los_Angeles_California.html
19,20,Kawada Hotel,3 of 5 bubbles,https://www.tripadvisor.com//Hotel_Review-g32655-d77809-Reviews-Kawada_Hotel-Los_Angeles_California.html
20,21,Millennium Biltmore Los Angeles,4 of 5 bubbles,https://www.tripadvisor.com//Hotel_Review-g32655-d77866-Reviews-Millennium_Biltmore_Los_Angeles-Los_Angeles_California.html
21,22,The Westin Los Angeles Airport,4 of 5 bubbles,https://www.tripadvisor.com//Hotel_Review-g32655-d119443-Reviews-The_Westin_Los_Angeles_Airport-Los_Angeles_California.html
22,23,Hilton Los Angeles Airport,3.5 of 5 bubbles,https://www.tripadvisor.com//Hotel_Review-g32655-d84167-Reviews-Hilton_Los_Angeles_Airport-Los_Angeles_California.html
23,24,Renaissance Los Angeles Airport Hotel,4 of 5 bubbles,https://www.tripadvisor.com//Hotel_Review-g32655-d77944-Reviews-Renaissance_Los_Angeles_Airport_Hotel-Los_Angeles_California.html
24,25,W Hollywood,4 of 5 bubbles,https://www.tripadvisor.com//Hotel_Review-g32655-d1456409-Reviews-W_Hollywood-Los_Angeles_California.html
25,26,The LINE Hotel Los Angeles,4 of 5 bubbles,https://www.tripadvisor.com//Hotel_Review-g32655-d77852-Reviews-The_LINE_Hotel_Los_Angeles-Los_Angeles_California.html
26,27,BLVD Hotel & Suites,3.5 of 5 bubbles,https://www.tripadvisor.com//Hotel_Review-g32655-d235430-Reviews-BLVD_Hotel_Suites-Los_Angeles_California.html
27,28,Rotex Plaza Hotel,3 of 5 bubbles,https://www.tripadvisor.com//Hotel_Review-g32655-d223050-Reviews-Rotex_Plaza_Hotel-Los_Angeles_California.html
28,29,The Hollywood Roosevelt,4.5 of 5 bubbles,https://www.tripadvisor.com//Hotel_Review-g32655-d77274-Reviews-The_Hollywood_Roosevelt-Los_Angeles_California.html
29,30,Su Casa Venice Beach,4 of 5 bubbles,https://www.tripadvisor.com//Hotel_Review-g32655-d666004-Reviews-Su_Casa_Venice_Beach-Los_Angeles_California.html
30,31,Silver Lake Pool and Inn,5 of 5 bubbles,https://www.tripadvisor.com//Hotel_Review-g32655-d18361580-Reviews-Silver_Lake_Pool_and_Inn-Los_Angeles_California.html
31,32,Magic Castle Hotel,4.5 of 5 bubbles,https://www.tripadvisor.com//Hotel_Review-g32655-d84502-Reviews-Magic_Castle_Hotel-Los_Angeles_California.html
32,33,DoubleTree by Hilton Hotel San Pedro - Port of Los Angeles,4 of 5 bubbles,https://www.tripadvisor.com//Hotel_Review-g32655-d81761-Reviews-DoubleTree_by_Hilton_Hotel_San_Pedro_Port_of_Los_Angeles-Los_Angeles_California.html
33,34,Palihotel Westwood Village,4.5 of 5 bubbles,https://www.tripadvisor.com//Hotel_Review-g32655-d119434-Reviews-Palihotel_Westwood_Village-Los_Angeles_California.html
34,35,The Moment Hotel,4 of 5 bubbles,https://www.tripadvisor.com//Hotel_Review-g32655-d570050-Reviews-The_Moment_Hotel-Los_Angeles_California.html
35,36,W Los Angeles - West Beverly Hills,4 of 5 bubbles,https://www.tripadvisor.com//Hotel_Review-g32655-d77700-Reviews-W_Los_Angeles_West_Beverly_Hills-Los_Angeles_California.html
36,37,Freehand Los Angeles,4 of 5 bubbles,https://www.tripadvisor.com//Hotel_Review-g32655-d11894770-Reviews-Freehand_Los_Angeles-Los_Angeles_California.html
37,38,Residence Inn by Marriott Los Angeles LAX,4.5 of 5 bubbles,https://www.tripadvisor.com//Hotel_Review-g32655-d7389126-Reviews-Residence_Inn_by_Marriott_Los_Angeles_LAX-Los_Angeles_California.html
38,39,Mama Shelter Los Angeles,4 of 5 bubbles,https://www.tripadvisor.com//Hotel_Review-g32655-d8000383-Reviews-Mama_Shelter_Los_Angeles-Los_Angeles_California.html
39,40,Venice On The Beach Hotel,4 of 5 bubbles,https://www.tripadvisor.com//Hotel_Review-g32655-d507339-Reviews-Venice_On_The_Beach_Hotel-Los_Angeles_California.html
40,41,Hotel Aventura,4 of 5 bubbles,https://www.tripadvisor.com//Hotel_Review-g32655-d8607570-Reviews-Hotel_Aventura-Los_Angeles_California.html
41,42,Century Park Hotel,4 of 5 bubbles,https://www.tripadvisor.com//Hotel_Review-g32655-d84517-Reviews-Century_Park_Hotel-Los_Angeles_California.html
42,43,Holiday Inn Express Hotel & Suites Hollywood Hotel Walk of Fame,4 of 5 bubbles,https://www.tripadvisor.com//Hotel_Review-g32655-d1049387-Reviews-Holiday_Inn_Express_Hotel_Suites_Hollywood_Hotel_Walk_of_Fame-Los_Angeles_California.html
43,44,Samesun Venice Beach,4 of 5 bubbles,https://www.tripadvisor.com//Hotel_Review-g32655-d119373-Reviews-Samesun_Venice_Beach-Los_Angeles_California.html
44,45,Courtyard Los Angeles LAX/Century Boulevard,4.5 of 5 bubbles,https://www.tripadvisor.com//Hotel_Review-g32655-d595476-Reviews-Courtyard_Los_Angeles_LAX_Century_Boulevard-Los_Angeles_California.html
45,46,Hollywood City Inn,3.5 of 5 bubbles,https://www.tripadvisor.com//Hotel_Review-g32655-d502971-Reviews-Hollywood_City_Inn-Los_Angeles_California.html
46,47,DoubleTree by Hilton Hotel Los Angeles Downtown,4 of 5 bubbles,https://www.tripadvisor.com//Hotel_Review-g32655-d77714-Reviews-DoubleTree_by_Hilton_Hotel_Los_Angeles_Downtown-Los_Angeles_California.html
47,48,Hollywood Celebrity Hotel,4 of 5 bubbles,https://www.tripadvisor.com//Hotel_Review-g32655-d84505-Reviews-Hollywood_Celebrity_Hotel-Los_Angeles_California.html
48,49,Holiday Inn Los Angeles - LAX Airport,3.5 of 5 bubbles,https://www.tripadvisor.com//Hotel_Review-g32655-d77923-Reviews-Holiday_Inn_Los_Angeles_LAX_Airport-Los_Angeles_California.html
49,50,O Hotel,3.5 of 5 bubbles,https://www.tripadvisor.com//Hotel_Review-g32655-d650376-Reviews-O_Hotel-Los_Angeles_California.html
50,51,Le Bon Hotel,3 of 5 bubbles,https://www.tripadvisor.com//Hotel_Review-g32655-d5598088-Reviews-Le_Bon_Hotel-Los_Angeles_California.html
51,52,Extended Stay America - Los Angeles - LAX Airport,3.5 of 5 bubbles,https://www.tripadvisor.com//Hotel_Review-g32655-d84224-Reviews-Extended_Stay_America_Los_Angeles_LAX_Airport-Los_Angeles_California.html
52,53,Travelodge by Wyndham Hollywood-Vermont/Sunset,3.5 of 5 bubbles,https://www.tripadvisor.com//Hotel_Review-g32655-d77282-Reviews-Travelodge_by_Wyndham_Hollywood_Vermont_Sunset-Los_Angeles_California.html
53,54,Hotel Mariposa,5 of 5 bubbles,https://www.tripadvisor.com//Hotel_Review-g32655-d19899450-Reviews-Hotel_Mariposa-Los_Angeles_California.html
54,55,Nite Inn at Universal City,3 of 5 bubbles,https://www.tripadvisor.com//Hotel_Review-g32655-d217240-Reviews-Nite_Inn_at_Universal_City-Los_Angeles_California.html
55,56,L.A. Sky Boutique Hotel,3 of 5 bubbles,https://www.tripadvisor.com//Hotel_Review-g32655-d119414-Reviews-L_A_Sky_Boutique_Hotel-Los_Angeles_California.html
56,57,Extended Stay America - Los Angeles - Woodland Hills,2.5 of 5 bubbles,https://www.tripadvisor.com//Hotel_Review-g32655-d226056-Reviews-Extended_Stay_America_Los_Angeles_Woodland_Hills-Los_Angeles_California.html
57,58,Antonio Hotel,2.5 of 5 bubbles,https://www.tripadvisor.com//Hotel_Review-g32655-d6619069-Reviews-Antonio_Hotel-Los_Angeles_California.html
58,59,Stuart Hotel,1.5 of 5 bubbles,https://www.tripadvisor.com//Hotel_Review-g32655-d1628931-Reviews-Stuart_Hotel-Los_Angeles_California.html
59,60,Four Seasons Hotel Los Angeles at Beverly Hills,4.5 of 5 bubbles,https://www.tripadvisor.com//Hotel_Review-g32655-d76049-Reviews-Four_Seasons_Hotel_Los_Angeles_at_Beverly_Hills-Los_Angeles_California.html
60,61,Lexen Hotel - North Hollywood,4.5 of 5 bubbles,https://www.tripadvisor.com//Hotel_Review-g32655-d13312797-Reviews-Lexen_Hotel_North_Hollywood-Los_Angeles_California.html
61,62,Residence Inn by Marriott Los Angeles L.A. LIVE,4.5 of 5 bubbles,https://www.tripadvisor.com//Hotel_Review-g32655-d6420746-Reviews-Residence_Inn_by_Marriott_Los_Angeles_L_A_LIVE-Los_Angeles_California.html
62,63,Mr. C Beverly Hills,4 of 5 bubbles,https://www.tripadvisor.com//Hotel_Review-g32655-d2154898-Reviews-Mr_C_Beverly_Hills-Los_Angeles_California.html
63,64,Elan Hotel,4.5 of 5 bubbles,https://www.tripadvisor.com//Hotel_Review-g32655-d223041-Reviews-Elan_Hotel-Los_Angeles_California.html
64,65,Best Western Woodland Hills,4 of 5 bubbles,https://www.tripadvisor.com//Hotel_Review-g32655-d82679-Reviews-Best_Western_Woodland_Hills-Los_Angeles_California.html
65,66,Kimpton Hotel Wilshire,4 of 5 bubbles,https://www.tripadvisor.com//Hotel_Review-g32655-d2236331-Reviews-Kimpton_Hotel_Wilshire-Los_Angeles_California.html
66,67,Dunes Inn Sunset,3.5 of 5 bubbles,https://www.tripadvisor.com//Hotel_Review-g32655-d77232-Reviews-Dunes_Inn_Sunset-Los_Angeles_California.html
67,68,Inn at Venice Beach,4.5 of 5 bubbles,https://www.tripadvisor.com//Hotel_Review-g32655-d119382-Reviews-Inn_at_Venice_Beach-Los_Angeles_California.html
68,69,Courtyard by Marriott Los Angeles L.A. LIVE,4.5 of 5 bubbles,https://www.tripadvisor.com//Hotel_Review-g32655-d6434667-Reviews-Courtyard_by_Marriott_Los_Angeles_L_A_LIVE-Los_Angeles_California.html
69,70,Best Western Plus Glendale,4 of 5 bubbles,https://www.tripadvisor.com//Hotel_Review-g32655-d76790-Reviews-Best_Western_Plus_Glendale-Los_Angeles_California.html
70,71,El Royale Hotel Near Universal Studios Hollywood,4.5 of 5 bubbles,https://www.tripadvisor.com//Hotel_Review-g32655-d6420068-Reviews-El_Royale_Hotel_Near_Universal_Studios_Hollywood-Los_Angeles_California.html
71,72,Best Western Los Angeles Worldport Hotel,4 of 5 bubbles,https://www.tripadvisor.com//Hotel_Review-g32655-d81120-Reviews-Best_Western_Los_Angeles_Worldport_Hotel-Los_Angeles_California.html
72,73,Best Western Royal Palace Inn & Suites,4 of 5 bubbles,https://www.tripadvisor.com//Hotel_Review-g32655-d77708-Reviews-Best_Western_Royal_Palace_Inn_Suites-Los_Angeles_California.html
73,74,Best Western Plus LA Mid-Town Hotel,3.5 of 5 bubbles,https://www.tripadvisor.com//Hotel_Review-g32655-d77740-Reviews-Best_Western_Plus_LA_Mid_Town_Hotel-Los_Angeles_California.html
74,75,JJ Grand Hotel,3 of 5 bubbles,https://www.tripadvisor.com//Hotel_Review-g32655-d939204-Reviews-JJ_Grand_Hotel-Los_Angeles_California.html
75,76,Hollywood Hills Hotel,4 of 5 bubbles,https://www.tripadvisor.com//Hotel_Review-g32655-d272703-Reviews-Hollywood_Hills_Hotel-Los_Angeles_California.html
76,77,Beverly Hills Plaza Hotel,4 of 5 bubbles,https://www.tripadvisor.com//Hotel_Review-g32655-d223013-Reviews-Beverly_Hills_Plaza_Hotel-Los_Angeles_California.html
77,78,Hilton Checkers Los Angeles,4 of 5 bubbles,https://www.tripadvisor.com//Hotel_Review-g32655-d77888-Reviews-Hilton_Checkers_Los_Angeles-Los_Angeles_California.html
78,79,"Tilt Hotel Universal / Hollywood, an Ascend Hotel Collection Member",3.5 of 5 bubbles,https://www.tripadvisor.com//Hotel_Review-g32655-d240875-Reviews-Tilt_Hotel_Universal_Hollywood_an_Ascend_Hotel_Collection_Member-Los_Angeles_California.html
79,80,Venice Breeze Suites,4 of 5 bubbles,https://www.tripadvisor.com//Hotel_Review-g32655-d1217114-Reviews-Venice_Breeze_Suites-Los_Angeles_California.html
80,81,Hollywood La Brea Motel,3 of 5 bubbles,https://www.tripadvisor.com//Hotel_Review-g32655-d3364389-Reviews-Hollywood_La_Brea_Motel-Los_Angeles_California.html
81,82,Crowne Plaza Los Angeles Harbor Hotel,3.5 of 5 bubbles,https://www.tripadvisor.com//Hotel_Review-g32655-d81765-Reviews-Crowne_Plaza_Los_Angeles_Harbor_Hotel-Los_Angeles_California.html
82,83,Hollywood Budget Guest Rooms,3 of 5 bubbles,https://www.tripadvisor.com//Hotel_Review-g32655-d19105092-Reviews-Hollywood_Budget_Guest_Rooms-Los_Angeles_California.html
83,84,Hotel Hwood,3.5 of 5 bubbles,https://www.tripadvisor.com//Hotel_Review-g32655-d77277-Reviews-Hotel_Hwood-Los_Angeles_California.html
84,85,New Seoul Hotel,4 of 5 bubbles,https://www.tripadvisor.com//Hotel_Review-g32655-d10321694-Reviews-New_Seoul_Hotel-Los_Angeles_California.html
85,86,Super 8 by Wyndham Hollywood/La Area,2.5 of 5 bubbles,https://www.tripadvisor.com//Hotel_Review-g32655-d235134-Reviews-Super_8_by_Wyndham_Hollywood_La_Area-Los_Angeles_California.html
86,87,Hotel Bel-Air,4.5 of 5 bubbles,https://www.tripadvisor.com//Hotel_Review-g32655-d111751-Reviews-Hotel_Bel_Air-Los_Angeles_California.html
87,88,Hollywood Stars Inn,3 of 5 bubbles,https://www.tripadvisor.com//Hotel_Review-g32655-d84499-Reviews-Hollywood_Stars_Inn-Los_Angeles_California.html
88,89,Bevonshire Lodge Motel,3 of 5 bubbles,https://www.tripadvisor.com//Hotel_Review-g32655-d248069-Reviews-Bevonshire_Lodge_Motel-Los_Angeles_California.html
89,90,Hollywood Palms Inn & Suites,2.5 of 5 bubbles,https://www.tripadvisor.com//Hotel_Review-g32655-d2195420-Reviews-Hollywood_Palms_Inn_Suites-Los_Angeles_California.html
90,91,Hampton Inn & Suites Los Angeles/Sherman Oaks,4 of 5 bubbles,https://www.tripadvisor.com//Hotel_Review-g32655-d673130-Reviews-Hampton_Inn_Suites_Los_Angeles_Sherman_Oaks-Los_Angeles_California.html
91,92,The Brentwood Inn,4.5 of 5 bubbles,https://www.tripadvisor.com//Hotel_Review-g32655-d249693-Reviews-The_Brentwood_Inn-Los_Angeles_California.html
92,93,Rodeway Inn & Suites Pacific Coast Highway,4.5 of 5 bubbles,https://www.tripadvisor.com//Hotel_Review-g32655-d77157-Reviews-Rodeway_Inn_Suites_Pacific_Coast_Highway-Los_Angeles_California.html
93,94,Villa Brasil Motel,4.5 of 5 bubbles,https://www.tripadvisor.com//Hotel_Review-g32655-d657068-Reviews-Villa_Brasil_Motel-Los_Angeles_California.html
94,95,Super 8 by Wyndham Los Angeles Downtown,3.5 of 5 bubbles,https://www.tripadvisor.com//Hotel_Review-g32655-d223054-Reviews-Super_8_by_Wyndham_Los_Angeles_Downtown-Los_Angeles_California.html
95,96,Banana Bungalow Hollywood Hotel & Hostel,3.5 of 5 bubbles,https://www.tripadvisor.com//Hotel_Review-g32655-d668172-Reviews-Banana_Bungalow_Hollywood_Hotel_Hostel-Los_Angeles_California.html
96,97,SureStay Hotel by Best Western Beverly Hills West LA,3.5 of 5 bubbles,https://www.tripadvisor.com//Hotel_Review-g32655-d84529-Reviews-SureStay_Hotel_by_Best_Western_Beverly_Hills_West_LA-Los_Angeles_California.html
97,98,Quality Inn Near Hollywood Walk Of Fame,3.5 of 5 bubbles,https://www.tripadvisor.com//Hotel_Review-g32655-d84515-Reviews-Quality_Inn_Near_Hollywood_Walk_Of_Fame-Los_Angeles_California.html
98,99,Holiday Inn Express - Los Angeles Downtown West,3.5 of 5 bubbles,https://www.tripadvisor.com//Hotel_Review-g32655-d84286-Reviews-Holiday_Inn_Express_Los_Angeles_Downtown_West-Los_Angeles_California.html
99,100,PodShare Venice,4 of 5 bubbles,https://www.tripadvisor.com//Hotel_Review-g32655-d12414225-Reviews-PodShare_Venice-Los_Angeles_California.html
100,101,Rodeway Inn Convention Center,3.5 of 5 bubbles,https://www.tripadvisor.com//Hotel_Review-g32655-d223042-Reviews-Rodeway_Inn_Convention_Center-Los_Angeles_California.html
101,102,Hometel Suites,4 of 5 bubbles,https://www.tripadvisor.com//Hotel_Review-g32655-d6220094-Reviews-Hometel_Suites-Los_Angeles_California.html
102,103,Motel 6 Los Angeles - Hollywood,3.5 of 5 bubbles,https://www.tripadvisor.com//Hotel_Review-g32655-d240151-Reviews-Motel_6_Los_Angeles_Hollywood-Los_Angeles_California.html
103,104,Solo Motel,4 of 5 bubbles,https://www.tripadvisor.com//Hotel_Review-g32655-d1636378-Reviews-Solo_Motel-Los_Angeles_California.html
104,105,Sea Rock Inn,3.5 of 5 bubbles,https://www.tripadvisor.com//Hotel_Review-g32655-d83988-Reviews-Sea_Rock_Inn-Los_Angeles_California.html
105,106,Granada Inn,3.5 of 5 bubbles,https://www.tripadvisor.com//Hotel_Review-g32655-d553345-Reviews-Granada_Inn-Los_Angeles_California.html
106,107,Lexen Hotel - Hollywood Walk of Fame,3.5 of 5 bubbles,https://www.tripadvisor.com//Hotel_Review-g32655-d12202579-Reviews-Lexen_Hotel_Hollywood_Walk_of_Fame-Los_Angeles_California.html
107,108,Highland Gardens Hotel,3 of 5 bubbles,https://www.tripadvisor.com//Hotel_Review-g32655-d113229-Reviews-Highland_Gardens_Hotel-Los_Angeles_California.html
108,109,Las Palmas Hotel,3.5 of 5 bubbles,https://www.tripadvisor.com//Hotel_Review-g32655-d15518157-Reviews-Las_Palmas_Hotel-Los_Angeles_California.html
109,110,"Inn at Playa Del Rey, A Four Sisters Inn",4.5 of 5 bubbles,https://www.tripadvisor.com//Hotel_Review-g32655-d73936-Reviews-Inn_at_Playa_Del_Rey_A_Four_Sisters_Inn-Los_Angeles_California.html
110,111,Hollywood Inn Express North,2.5 of 5 bubbles,https://www.tripadvisor.com//Hotel_Review-g32655-d559383-Reviews-Hollywood_Inn_Express_North-Los_Angeles_California.html
111,112,777 Motor Inn,2.5 of 5 bubbles,https://www.tripadvisor.com//Hotel_Review-g32655-d817023-Reviews-777_Motor_Inn-Los_Angeles_California.html
112,113,City Center Hotel,2 of 5 bubbles,https://www.tripadvisor.com//Hotel_Review-g32655-d1591524-Reviews-City_Center_Hotel-Los_Angeles_California.html
113,114,Los Angeles Inn & Suites - LAX,1.5 of 5 bubbles,https://www.tripadvisor.com//Hotel_Review-g32655-d14922249-Reviews-Los_Angeles_Inn_Suites_LAX-Los_Angeles_California.html
114,115,Legend Hotel Hollywood,0 of 5 bubbles,https://www.tripadvisor.com//Hotel_Review-g32655-d17352632-Reviews-Legend_Hotel_Hollywood-Los_Angeles_California.html
115,116,Rodeway Inn Canoga Park,1.5 of 5 bubbles,https://www.tripadvisor.com//Hotel_Review-g32655-d5556244-Reviews-Rodeway_Inn_Canoga_Park-Los_Angeles_California.html
116,117,Hometown Inn,2.5 of 5 bubbles,https://www.tripadvisor.com//Hotel_Review-g32655-d271479-Reviews-Hometown_Inn-Los_Angeles_California.html
117,118,Stillwell Hotel,3 of 5 bubbles,https://www.tripadvisor.com//Hotel_Review-g32655-d77859-Reviews-Stillwell_Hotel-Los_Angeles_California.html
118,119,Libra Hotel,3 of 5 bubbles,https://www.tripadvisor.com//Hotel_Review-g32655-d12862631-Reviews-Libra_Hotel-Los_Angeles_California.html
119,120,Hollywood and Highland Hotel and Hostel,2.5 of 5 bubbles,https://www.tripadvisor.com//Hotel_Review-g32655-d1150817-Reviews-Hollywood_and_Highland_Hotel_and_Hostel-Los_Angeles_California.html
120,121,Trylon Hotel,4.5 of 5 bubbles,https://www.tripadvisor.com//Hotel_Review-g32655-d1633382-Reviews-Trylon_Hotel-Los_Angeles_California.html
121,122,Friendship Motor Inn,4 of 5 bubbles,https://www.tripadvisor.com//Hotel_Review-g32655-d3386634-Reviews-Friendship_Motor_Inn-Los_Angeles_California.html
122,123,Super 8 by Wyndham Los Angeles-Culver City Area,4 of 5 bubbles,https://www.tripadvisor.com//Hotel_Review-g32655-d248239-Reviews-Super_8_by_Wyndham_Los_Angeles_Culver_City_Area-Los_Angeles_California.html
123,124,Elaine's Hollywood Bed and Breakfast,4.5 of 5 bubbles,https://www.tripadvisor.com//Hotel_Review-g32655-d119429-Reviews-Elaine_s_Hollywood_Bed_and_Breakfast-Los_Angeles_California.html
124,125,The Hotel Hollywood,4 of 5 bubbles,https://www.tripadvisor.com//Hotel_Review-g32655-d508182-Reviews-The_Hotel_Hollywood-Los_Angeles_California.html
125,126,Hollywood Downtowner Inn,3.5 of 5 bubbles,https://www.tripadvisor.com//Hotel_Review-g32655-d268977-Reviews-Hollywood_Downtowner_Inn-Los_Angeles_California.html
126,127,Holiday Inn Express Van Nuys,3.5 of 5 bubbles,https://www.tripadvisor.com//Hotel_Review-g32655-d82494-Reviews-Holiday_Inn_Express_Van_Nuys-Los_Angeles_California.html
127,128,Avenue Hotel an Ascend Hotel Collection,4 of 5 bubbles,https://www.tripadvisor.com//Hotel_Review-g32655-d84553-Reviews-Avenue_Hotel_an_Ascend_Hotel_Collection-Los_Angeles_California.html
128,129,Encore Motel,3.5 of 5 bubbles,https://www.tripadvisor.com//Hotel_Review-g32655-d2698092-Reviews-Encore_Motel-Los_Angeles_California.html
129,130,Oxford Palace Hotel,3.5 of 5 bubbles,https://www.tripadvisor.com//Hotel_Review-g32655-d84483-Reviews-Oxford_Palace_Hotel-Los_Angeles_California.html
130,131,Park Cienega Motor Hotel,3.5 of 5 bubbles,https://www.tripadvisor.com//Hotel_Review-g32655-d1647578-Reviews-Park_Cienega_Motor_Hotel-Los_Angeles_California.html
131,132,Knights Inn Woodland Hills,3.5 of 5 bubbles,https://www.tripadvisor.com//Hotel_Review-g32655-d1007413-Reviews-Knights_Inn_Woodland_Hills-Los_Angeles_California.html
132,133,El Rancho Motel,3.5 of 5 bubbles,https://www.tripadvisor.com//Hotel_Review-g32655-d4256935-Reviews-El_Rancho_Motel-Los_Angeles_California.html
133,134,Americas Best Value Inn - Hollywood / Los Angeles,3 of 5 bubbles,https://www.tripadvisor.com//Hotel_Review-g32655-d549431-Reviews-Americas_Best_Value_Inn_Hollywood_Los_Angeles-Los_Angeles_California.html
134,135,The Prospect Hollywood,5 of 5 bubbles,https://www.tripadvisor.com//Hotel_Review-g32655-d19906810-Reviews-The_Prospect_Hollywood-Los_Angeles_California.html
135,136,24 Hour motel,4.5 of 5 bubbles,https://www.tripadvisor.com//Hotel_Review-g32655-d12393208-Reviews-24_Hour_motel-Los_Angeles_California.html
136,137,Little Tokyo Hotel,4 of 5 bubbles,https://www.tripadvisor.com//Hotel_Review-g32655-d1631162-Reviews-Little_Tokyo_Hotel-Los_Angeles_California.html
137,138,Legend Hotel Hollywood,3.5 of 5 bubbles,https://www.tripadvisor.com//Hotel_Review-g32655-d225809-Reviews-Legend_Hotel_Hollywood-Los_Angeles_California.html
138,139,Holiday Inn Express & Suites Chatsworth,3.5 of 5 bubbles,https://www.tripadvisor.com//Hotel_Review-g32655-d76458-Reviews-Holiday_Inn_Express_Suites_Chatsworth-Los_Angeles_California.html
139,140,Ramada by Wyndham Los Angeles/Downtown West,3 of 5 bubbles,https://www.tripadvisor.com//Hotel_Review-g32655-d1225375-Reviews-Ramada_by_Wyndham_Los_Angeles_Downtown_West-Los_Angeles_California.html
140,141,Hyland Motel Van Nuys,2 of 5 bubbles,https://www.tripadvisor.com//Hotel_Review-g32655-d1229893-Reviews-Hyland_Motel_Van_Nuys-Los_Angeles_California.html
141,142,Central Inn Motel,1 of 5 bubbles,https://www.tripadvisor.com//Hotel_Review-g32655-d3348276-Reviews-Central_Inn_Motel-Los_Angeles_California.html
142,143,Ramona Motel,2 of 5 bubbles,https://www.tripadvisor.com//Hotel_Review-g32655-d8773221-Reviews-Ramona_Motel-Los_Angeles_California.html
143,144,Budget Inn Hollywood,1.5 of 5 bubbles,https://www.tripadvisor.com//Hotel_Review-g32655-d1186068-Reviews-Budget_Inn_Hollywood-Los_Angeles_California.html
144,145,Anchor Pointe Inn,0 of 5 bubbles,https://www.tripadvisor.com//Hotel_Review-g32655-d271612-Reviews-Anchor_Pointe_Inn-Los_Angeles_California.html
145,146,Downtown LA Stylish,0 of 5 bubbles,https://www.tripadvisor.com//Hotel_Review-g32655-d22832752-Reviews-Downtown_LA_Stylish-Los_Angeles_California.html
146,147,Budget Inn,0 of 5 bubbles,https://www.tripadvisor.com//Hotel_Review-g32655-d8693946-Reviews-Budget_Inn-Los_Angeles_California.html
147,148,Sportsmen's Lodge Hotel,3.5 of 5 bubbles,https://www.tripadvisor.com//Hotel_Review-g32655-d78688-Reviews-Sportsmen_s_Lodge_Hotel-Los_Angeles_California.html
148,149,8th and Ardmore,5 of 5 bubbles,https://www.tripadvisor.com//Hotel_Review-g32655-d19105114-Reviews-8th_and_Ardmore-Los_Angeles_California.html
149,150,H By H Hospitality,1 of 5 bubbles,https://www.tripadvisor.com//Hotel_Review-g32655-d10057310-Reviews-H_By_H_Hospitality-Los_Angeles_California.html
150,151,Empire Inn,2.5 of 5 bubbles,https://www.tripadvisor.com//Hotel_Review-g32655-d12155038-Reviews-Empire_Inn-Los_Angeles_California.html
151,152,Economy Inn Motel,2.5 of 5 bubbles,https://www.tripadvisor.com//Hotel_Review-g32655-d84441-Reviews-Economy_Inn_Motel-Los_Angeles_California.html
152,153,NOHO Hotel,1 of 5 bubbles,https://www.tripadvisor.com//Hotel_Review-g32655-d21491901-Reviews-NOHO_Hotel-Los_Angeles_California.html
153,154,Foxy's Motor Inn,1.5 of 5 bubbles,https://www.tripadvisor.com//Hotel_Review-g32655-d8010210-Reviews-Foxy_s_Motor_Inn-Los_Angeles_California.html
154,155,Venice Beach Hostel and Hotel,2.5 of 5 bubbles,https://www.tripadvisor.com//Hotel_Review-g32655-d119372-Reviews-Venice_Beach_Hostel_and_Hotel-Los_Angeles_California.html
155,156,MY Sunshine Hotel,2.5 of 5 bubbles,https://www.tripadvisor.com//Hotel_Review-g32655-d13557081-Reviews-MY_Sunshine_Hotel-Los_Angeles_California.html
156,157,Satellite Motel,1 of 5 bubbles,https://www.tripadvisor.com//Hotel_Review-g32655-d1645323-Reviews-Satellite_Motel-Los_Angeles_California.html
157,158,Budget Motel LAX,2 of 5 bubbles,https://www.tripadvisor.com//Hotel_Review-g32655-d4886015-Reviews-Budget_Motel_LAX-Los_Angeles_California.html
158,159,Central Inn Motel,2 of 5 bubbles,https://www.tripadvisor.com//Hotel_Review-g32655-d8669395-Reviews-Central_Inn_Motel-Los_Angeles_California.html
159,160,Paradise Inn & Suites,2.5 of 5 bubbles,https://www.tripadvisor.com//Hotel_Review-g32655-d613619-Reviews-Paradise_Inn_Suites-Los_Angeles_California.html
160,161,Sandpiper Motel,2.5 of 5 bubbles,https://www.tripadvisor.com//Hotel_Review-g32655-d2505057-Reviews-Sandpiper_Motel-Los_Angeles_California.html
161,162,Americas Best Value Inn Los Angeles at S Alvarado St,2 of 5 bubbles,https://www.tripadvisor.com//Hotel_Review-g32655-d282463-Reviews-Americas_Best_Value_Inn_Los_Angeles_at_S_Alvarado_St-Los_Angeles_California.html
162,163,Marina Seven Motel,2 of 5 bubbles,https://www.tripadvisor.com//Hotel_Review-g32655-d575416-Reviews-Marina_Seven_Motel-Los_Angeles_California.html
163,164,Rodeway Inn near Venice Beach,2.5 of 5 bubbles,https://www.tripadvisor.com//Hotel_Review-g32655-d84365-Reviews-Rodeway_Inn_near_Venice_Beach-Los_Angeles_California.html
164,165,StaySober Lodging for Recovery,0 of 5 bubbles,https://www.tripadvisor.com//Hotel_Review-g32655-d23248803-Reviews-StaySober_Lodging_for_Recovery-Los_Angeles_California.html
165,166,Tripper Hollywood Hostel,0 of 5 bubbles,https://www.tripadvisor.com//Hotel_Review-g32655-d23246332-Reviews-Tripper_Hollywood_Hostel-Los_Angeles_California.html
166,167,The Haas Building,0 of 5 bubbles,https://www.tripadvisor.com//Hotel_Review-g32655-d21397769-Reviews-The_Haas_Building-Los_Angeles_California.html
167,168,Super 8 by Wyndham North Hollywood,0 of 5 bubbles,https://www.tripadvisor.com//Hotel_Review-g32655-d21091793-Reviews-Super_8_by_Wyndham_North_Hollywood-Los_Angeles_California.html
168,169,Tripper Beverly Hills Hostel,0 of 5 bubbles,https://www.tripadvisor.com//Hotel_Review-g32655-d23243328-Reviews-Tripper_Beverly_Hills_Hostel-Los_Angeles_California.html
169,170,Pine Tree Inn,0 of 5 bubbles,https://www.tripadvisor.com//Hotel_Review-g32655-d15114767-Reviews-Pine_Tree_Inn-Los_Angeles_California.html
170,171,An Oasis of Comfort Hotel Style Suite,0 of 5 bubbles,https://www.tripadvisor.com//Hotel_Review-g32655-d21491088-Reviews-An_Oasis_of_Comfort_Hotel_Style_Suite-Los_Angeles_California.html
171,172,Dusk Hotel,0 of 5 bubbles,https://www.tripadvisor.com//Hotel_Review-g32655-d23206287-Reviews-Dusk_Hotel-Los_Angeles_California.html
172,173,Large Hotel Suite,0 of 5 bubbles,https://www.tripadvisor.com//Hotel_Review-g32655-d21509383-Reviews-Large_Hotel_Suite-Los_Angeles_California.html
173,174,Warm Unit W-Private Bath-C04,0 of 5 bubbles,https://www.tripadvisor.com//Hotel_Review-g32655-d23281912-Reviews-Warm_Unit_W_Private_Bath_C04-Los_Angeles_California.html
174,175,Hollywood Hills Private Room Available,0 of 5 bubbles,https://www.tripadvisor.com//Hotel_Review-g32655-d17612892-Reviews-Hollywood_Hills_Private_Room_Available-Los_Angeles_California.html
175,176,Skyways Hotel,0 of 5 bubbles,https://www.tripadvisor.com//Hotel_Review-g32655-d23343118-Reviews-Skyways_Hotel-Los_Angeles_California.html
176,177,LEVEL Downtown Los Angeles,0 of 5 bubbles,https://www.tripadvisor.com//Hotel_Review-g32655-d22964566-Reviews-LEVEL_Downtown_Los_Angeles-Los_Angeles_California.html
177,178,Blossomwell Stays,0 of 5 bubbles,https://www.tripadvisor.com//Hotel_Review-g32655-d23322573-Reviews-Blossomwell_Stays-Los_Angeles_California.html
178,179,Magic USC Medical School Guest House,0 of 5 bubbles,https://www.tripadvisor.com//Hotel_Review-g32655-d21152438-Reviews-Magic_USC_Medical_School_Guest_House-Los_Angeles_California.html
179,180,Harbor Inn,0 of 5 bubbles,https://www.tripadvisor.com//Hotel_Review-g32655-d226151-Reviews-Harbor_Inn-Los_Angeles_California.html
180,181,The Hollywood Roosevelt,4.5 of 5 bubbles,https://www.tripadvisor.com//Hotel_Review-g32655-d77274-Reviews-The_Hollywood_Roosevelt-Los_Angeles_California.html
181,182,Hilton Los Angeles/Universal City,4 of 5 bubbles,https://www.tripadvisor.com//Hotel_Review-g32655-d78694-Reviews-Hilton_Los_Angeles_Universal_City-Los_Angeles_California.html
182,183,Loews Hollywood Hotel,4.5 of 5 bubbles,https://www.tripadvisor.com//Hotel_Review-g32655-d224168-Reviews-Loews_Hollywood_Hotel-Los_Angeles_California.html
183,184,Hotel Normandie,4.5 of 5 bubbles,https://www.tripadvisor.com//Hotel_Review-g32655-d1632207-Reviews-Hotel_Normandie-Los_Angeles_California.html
184,185,Hyatt Regency Los Angeles International Airport,4 of 5 bubbles,https://www.tripadvisor.com//Hotel_Review-g32655-d223049-Reviews-Hyatt_Regency_Los_Angeles_International_Airport-Los_Angeles_California.html
185,186,InterContinental Los Angeles Downtown,4 of 5 bubbles,https://www.tripadvisor.com//Hotel_Review-g32655-d8678267-Reviews-InterContinental_Los_Angeles_Downtown-Los_Angeles_California.html
186,187,Omni Los Angeles at California Plaza,4.5 of 5 bubbles,https://www.tripadvisor.com//Hotel_Review-g32655-d77804-Reviews-Omni_Los_Angeles_at_California_Plaza-Los_Angeles_California.html
187,188,Lexen Hotel - North Hollywood,4.5 of 5 bubbles,https://www.tripadvisor.com//Hotel_Review-g32655-d13312797-Reviews-Lexen_Hotel_North_Hollywood-Los_Angeles_California.html
188,189,JW Marriott Los Angeles L.A. LIVE,4.5 of 5 bubbles,https://www.tripadvisor.com//Hotel_Review-g32655-d1100791-Reviews-JW_Marriott_Los_Angeles_L_A_LIVE-Los_Angeles_California.html
189,190,"H Hotel Los Angeles, Curio Collection by Hilton",4.5 of 5 bubbles,https://www.tripadvisor.com//Hotel_Review-g32655-d12862190-Reviews-H_Hotel_Los_Angeles_Curio_Collection_by_Hilton-Los_Angeles_California.html
190,191,The Los Angeles Athletic Club Hotel,4.5 of 5 bubbles,https://www.tripadvisor.com//Hotel_Review-g32655-d119421-Reviews-The_Los_Angeles_Athletic_Club_Hotel-Los_Angeles_California.html
191,192,Holiday Inn Express Hotel & Suites Hollywood Hotel Walk of Fame,4 of 5 bubbles,https://www.tripadvisor.com//Hotel_Review-g32655-d1049387-Reviews-Holiday_Inn_Express_Hotel_Suites_Hollywood_Hotel_Walk_of_Fame-Los_Angeles_California.html
192,193,Residence Inn by Marriott Los Angeles LAX,4.5 of 5 bubbles,https://www.tripadvisor.com//Hotel_Review-g32655-d7389126-Reviews-Residence_Inn_by_Marriott_Los_Angeles_LAX-Los_Angeles_California.html
193,194,Hollywood Celebrity Hotel,4 of 5 bubbles,https://www.tripadvisor.com//Hotel_Review-g32655-d84505-Reviews-Hollywood_Celebrity_Hotel-Los_Angeles_California.html
194,195,"The Ritz-Carlton, Los Angeles",4.5 of 5 bubbles,https://www.tripadvisor.com//Hotel_Review-g32655-d1563899-Reviews-The_Ritz_Carlton_Los_Angeles-Los_Angeles_California.html
195,196,Inn at Venice Beach,4.5 of 5 bubbles,https://www.tripadvisor.com//Hotel_Review-g32655-d119382-Reviews-Inn_at_Venice_Beach-Los_Angeles_California.html
196,197,Residence Inn by Marriott Los Angeles L.A. LIVE,4.5 of 5 bubbles,https://www.tripadvisor.com//Hotel_Review-g32655-d6420746-Reviews-Residence_Inn_by_Marriott_Los_Angeles_L_A_LIVE-Los_Angeles_California.html
197,198,Hampton Inn & Suites Los Angeles Hollywood,4 of 5 bubbles,https://www.tripadvisor.com//Hotel_Review-g32655-d223044-Reviews-Hampton_Inn_Suites_Los_Angeles_Hollywood-Los_Angeles_California.html
198,199,Holiday Inn Express North Hollywood - Burbank Area,4.5 of 5 bubbles,https://www.tripadvisor.com//Hotel_Review-g32655-d4778089-Reviews-Holiday_Inn_Express_North_Hollywood_Burbank_Area-Los_Angeles_California.html
199,200,Homewood Suites by Hilton Los Angeles International Airport,4 of 5 bubbles,https://www.tripadvisor.com//Hotel_Review-g32655-d12631366-Reviews-Homewood_Suites_by_Hilton_Los_Angeles_International_Airport-Los_Angeles_California.html
200,201,Sofitel Los Angeles at Beverly Hills,4 of 5 bubbles,https://www.tripadvisor.com//Hotel_Review-g32655-d76083-Reviews-Sofitel_Los_Angeles_at_Beverly_Hills-Los_Angeles_California.html
201,202,Mama Shelter Los Angeles,4 of 5 bubbles,https://www.tripadvisor.com//Hotel_Review-g32655-d8000383-Reviews-Mama_Shelter_Los_Angeles-Los_Angeles_California.html
202,203,Holiday Inn Express West Los Angeles,4 of 5 bubbles,https://www.tripadvisor.com//Hotel_Review-g32655-d82650-Reviews-Holiday_Inn_Express_West_Los_Angeles-Los_Angeles_California.html
203,204,Venice Suites,4 of 5 bubbles,https://www.tripadvisor.com//Hotel_Review-g32655-d1141014-Reviews-Venice_Suites-Los_Angeles_California.html
204,205,Venice On The Beach Hotel,4 of 5 bubbles,https://www.tripadvisor.com//Hotel_Review-g32655-d507339-Reviews-Venice_On_The_Beach_Hotel-Los_Angeles_California.html
205,206,Courtyard by Marriott Los Angeles L.A. LIVE,4.5 of 5 bubbles,https://www.tripadvisor.com//Hotel_Review-g32655-d6434667-Reviews-Courtyard_by_Marriott_Los_Angeles_L_A_LIVE-Los_Angeles_California.html
206,207,The Carlyle Inn,4 of 5 bubbles,https://www.tripadvisor.com//Hotel_Review-g32655-d84555-Reviews-The_Carlyle_Inn-Los_Angeles_California.html
207,208,Residence Inn by Marriott Beverly Hills,4 of 5 bubbles,https://www.tripadvisor.com//Hotel_Review-g32655-d84453-Reviews-Residence_Inn_by_Marriott_Beverly_Hills-Los_Angeles_California.html
208,209,Orange Drive Hostel,4 of 5 bubbles,https://www.tripadvisor.com//Hotel_Review-g32655-d531044-Reviews-Orange_Drive_Hostel-Los_Angeles_California.html
209,210,Courtyard Los Angeles Sherman Oaks,4 of 5 bubbles,https://www.tripadvisor.com//Hotel_Review-g32655-d82150-Reviews-Courtyard_Los_Angeles_Sherman_Oaks-Los_Angeles_California.html
210,211,The Moment Hotel,4 of 5 bubbles,https://www.tripadvisor.com//Hotel_Review-g32655-d570050-Reviews-The_Moment_Hotel-Los_Angeles_California.html
211,212,Best Western Plus Hollywood Hills Hotel,4 of 5 bubbles,https://www.tripadvisor.com//Hotel_Review-g32655-d77243-Reviews-Best_Western_Plus_Hollywood_Hills_Hotel-Los_Angeles_California.html
212,213,Warner Center Marriott Woodland Hills,4 of 5 bubbles,https://www.tripadvisor.com//Hotel_Review-g32655-d82689-Reviews-Warner_Center_Marriott_Woodland_Hills-Los_Angeles_California.html
213,214,Beverly Laurel Motor Hotel,4 of 5 bubbles,https://www.tripadvisor.com//Hotel_Review-g32655-d82578-Reviews-Beverly_Laurel_Motor_Hotel-Los_Angeles_California.html
214,215,Sonesta Los Angeles Airport,4 of 5 bubbles,https://www.tripadvisor.com//Hotel_Review-g32655-d84253-Reviews-Sonesta_Los_Angeles_Airport-Los_Angeles_California.html
215,216,Los Angeles Airport Marriott,4 of 5 bubbles,https://www.tripadvisor.com//Hotel_Review-g32655-d78037-Reviews-Los_Angeles_Airport_Marriott-Los_Angeles_California.html
216,217,Royal Palace Westwood,4 of 5 bubbles,https://www.tripadvisor.com//Hotel_Review-g32655-d82636-Reviews-Royal_Palace_Westwood-Los_Angeles_California.html
217,218,Wilshire Crest Hotel,4 of 5 bubbles,https://www.tripadvisor.com//Hotel_Review-g32655-d274223-Reviews-Wilshire_Crest_Hotel-Los_Angeles_California.html
218,219,Beverly Hills Marriott,4 of 5 bubbles,https://www.tripadvisor.com//Hotel_Review-g32655-d76061-Reviews-Beverly_Hills_Marriott-Los_Angeles_California.html
219,220,"The Westin Bonaventure Hotel & Suites, Los Angeles",4 of 5 bubbles,https://www.tripadvisor.com//Hotel_Review-g32655-d77874-Reviews-The_Westin_Bonaventure_Hotel_Suites_Los_Angeles-Los_Angeles_California.html
220,221,Samesun Venice Beach,4 of 5 bubbles,https://www.tripadvisor.com//Hotel_Review-g32655-d119373-Reviews-Samesun_Venice_Beach-Los_Angeles_California.html
221,222,Miyako Hotel Los Angeles,4 of 5 bubbles,https://www.tripadvisor.com//Hotel_Review-g32655-d223046-Reviews-Miyako_Hotel_Los_Angeles-Los_Angeles_California.html
222,223,USC Hotel,4 of 5 bubbles,https://www.tripadvisor.com//Hotel_Review-g32655-d77844-Reviews-USC_Hotel-Los_Angeles_California.html
223,224,Millennium Biltmore Los Angeles,4 of 5 bubbles,https://www.tripadvisor.com//Hotel_Review-g32655-d77866-Reviews-Millennium_Biltmore_Los_Angeles-Los_Angeles_California.html
224,225,Best Western Los Angeles Worldport Hotel,4 of 5 bubbles,https://www.tripadvisor.com//Hotel_Review-g32655-d81120-Reviews-Best_Western_Los_Angeles_Worldport_Hotel-Los_Angeles_California.html
225,226,Holiday Inn Express Los Angeles-LAX Airport,4 of 5 bubbles,https://www.tripadvisor.com//Hotel_Review-g32655-d77931-Reviews-Holiday_Inn_Express_Los_Angeles_LAX_Airport-Los_Angeles_California.html
226,227,Hilton Garden Inn Los Angeles Hollywood,4 of 5 bubbles,https://www.tripadvisor.com//Hotel_Review-g32655-d77264-Reviews-Hilton_Garden_Inn_Los_Angeles_Hollywood-Los_Angeles_California.html
227,228,Best Western Plus San Pedro Hotel & Suites,4 of 5 bubbles,https://www.tripadvisor.com//Hotel_Review-g32655-d81757-Reviews-Best_Western_Plus_San_Pedro_Hotel_Suites-Los_Angeles_California.html
228,229,Best Western Burbank Airport Inn,4 of 5 bubbles,https://www.tripadvisor.com//Hotel_Review-g32655-d1657336-Reviews-Best_Western_Burbank_Airport_Inn-Los_Angeles_California.html
229,230,Samesun Hollywood,4 of 5 bubbles,https://www.tripadvisor.com//Hotel_Review-g32655-d119471-Reviews-Samesun_Hollywood-Los_Angeles_California.html
230,231,Hotel Aventura,4 of 5 bubbles,https://www.tripadvisor.com//Hotel_Review-g32655-d8607570-Reviews-Hotel_Aventura-Los_Angeles_California.html
231,232,Beverly Hills Plaza Hotel,4 of 5 bubbles,https://www.tripadvisor.com//Hotel_Review-g32655-d223013-Reviews-Beverly_Hills_Plaza_Hotel-Los_Angeles_California.html
232,233,Best Western Plus Glendale,4 of 5 bubbles,https://www.tripadvisor.com//Hotel_Review-g32655-d76790-Reviews-Best_Western_Plus_Glendale-Los_Angeles_California.html
233,234,Hollywood Inn Suites Hotel,4.5 of 5 bubbles,https://www.tripadvisor.com//Hotel_Review-g32655-d13406175-Reviews-Hollywood_Inn_Suites_Hotel-Los_Angeles_California.html
234,235,Best Western Plus LA Mid-Town Hotel,3.5 of 5 bubbles,https://www.tripadvisor.com//Hotel_Review-g32655-d77740-Reviews-Best_Western_Plus_LA_Mid_Town_Hotel-Los_Angeles_California.html
235,236,Courtyard Los Angeles Century City/Beverly Hills,4 of 5 bubbles,https://www.tripadvisor.com//Hotel_Review-g32655-d119483-Reviews-Courtyard_Los_Angeles_Century_City_Beverly_Hills-Los_Angeles_California.html
236,237,Comfort Inn Near Old Town Pasadena in Eagle Rock Los Angeles,4 of 5 bubbles,https://www.tripadvisor.com//Hotel_Review-g32655-d76793-Reviews-Comfort_Inn_Near_Old_Town_Pasadena_in_Eagle_Rock_Los_Angeles-Los_Angeles_California.html
237,238,Best Western Hollywood Plaza Inn-Hollywood Walk of Fame Hotel,3.5 of 5 bubbles,https://www.tripadvisor.com//Hotel_Review-g32655-d77247-Reviews-Best_Western_Hollywood_Plaza_Inn_Hollywood_Walk_of_Fame_Hotel-Los_Angeles_California.html
238,239,Courtyard Los Angeles Woodland Hills,4 of 5 bubbles,https://www.tripadvisor.com//Hotel_Review-g32655-d82682-Reviews-Courtyard_Los_Angeles_Woodland_Hills-Los_Angeles_California.html
239,240,Luxe City Center Hotel,4 of 5 bubbles,https://www.tripadvisor.com//Hotel_Review-g32655-d77787-Reviews-Luxe_City_Center_Hotel-Los_Angeles_California.html
240,241,The Wayfarer Downtown LA,4.5 of 5 bubbles,https://www.tripadvisor.com//Hotel_Review-g32655-d19120404-Reviews-The_Wayfarer_Downtown_LA-Los_Angeles_California.html
241,242,Courtyard Los Angeles LAX/Century Boulevard,4.5 of 5 bubbles,https://www.tripadvisor.com//Hotel_Review-g32655-d595476-Reviews-Courtyard_Los_Angeles_LAX_Century_Boulevard-Los_Angeles_California.html
242,243,Hilton Los Angeles Airport,3.5 of 5 bubbles,https://www.tripadvisor.com//Hotel_Review-g32655-d84167-Reviews-Hilton_Los_Angeles_Airport-Los_Angeles_California.html
243,244,La Quinta Inn & Suites by Wyndham Lax,3.5 of 5 bubbles,https://www.tripadvisor.com//Hotel_Review-g32655-d84182-Reviews-La_Quinta_Inn_Suites_by_Wyndham_Lax-Los_Angeles_California.html
244,245,Sheraton Universal Hotel,3.5 of 5 bubbles,https://www.tripadvisor.com//Hotel_Review-g32655-d84422-Reviews-Sheraton_Universal_Hotel-Los_Angeles_California.html
245,246,Sonesta ES Suites Chatsworth,4 of 5 bubbles,https://www.tripadvisor.com//Hotel_Review-g32655-d76460-Reviews-Sonesta_ES_Suites_Chatsworth-Los_Angeles_California.html
246,247,The Dixie Hollywood,3.5 of 5 bubbles,https://www.tripadvisor.com//Hotel_Review-g32655-d239812-Reviews-The_Dixie_Hollywood-Los_Angeles_California.html
247,248,Hollywood Historic Hotel,3.5 of 5 bubbles,https://www.tripadvisor.com//Hotel_Review-g32655-d1752249-Reviews-Hollywood_Historic_Hotel-Los_Angeles_California.html
248,249,Holiday Inn Express Hotel & Suites Woodland Hills,4 of 5 bubbles,https://www.tripadvisor.com//Hotel_Review-g32655-d1197096-Reviews-Holiday_Inn_Express_Hotel_Suites_Woodland_Hills-Los_Angeles_California.html
249,250,Wilshire Motel,4 of 5 bubbles,https://www.tripadvisor.com//Hotel_Review-g32655-d1528623-Reviews-Wilshire_Motel-Los_Angeles_California.html
250,251,Hollywood Hills Hotel,4 of 5 bubbles,https://www.tripadvisor.com//Hotel_Review-g32655-d272703-Reviews-Hollywood_Hills_Hotel-Los_Angeles_California.html
251,252,O Hotel,3.5 of 5 bubbles,https://www.tripadvisor.com//Hotel_Review-g32655-d650376-Reviews-O_Hotel-Los_Angeles_California.html
252,253,Hyatt House LA - University Medical Center,4.5 of 5 bubbles,https://www.tripadvisor.com//Hotel_Review-g32655-d21343089-Reviews-Hyatt_House_LA_University_Medical_Center-Los_Angeles_California.html
253,254,Studio City Court Yard Hotel,3.5 of 5 bubbles,https://www.tripadvisor.com//Hotel_Review-g32655-d84428-Reviews-Studio_City_Court_Yard_Hotel-Los_Angeles_California.html
254,255,Crowne Plaza Los Angeles Harbor Hotel,3.5 of 5 bubbles,https://www.tripadvisor.com//Hotel_Review-g32655-d81765-Reviews-Crowne_Plaza_Los_Angeles_Harbor_Hotel-Los_Angeles_California.html
255,256,Mikado Hotel,3.5 of 5 bubbles,https://www.tripadvisor.com//Hotel_Review-g32655-d78679-Reviews-Mikado_Hotel-Los_Angeles_California.html
256,257,"Tilt Hotel Universal / Hollywood, an Ascend Hotel Collection Member",3.5 of 5 bubbles,https://www.tripadvisor.com//Hotel_Review-g32655-d240875-Reviews-Tilt_Hotel_Universal_Hollywood_an_Ascend_Hotel_Collection_Member-Los_Angeles_California.html
257,258,Metro Plaza Hotel,3.5 of 5 bubbles,https://www.tripadvisor.com//Hotel_Review-g32655-d77829-Reviews-Metro_Plaza_Hotel-Los_Angeles_California.html
258,259,Travelodge by Wyndham Hollywood-Vermont/Sunset,3.5 of 5 bubbles,https://www.tripadvisor.com//Hotel_Review-g32655-d77282-Reviews-Travelodge_by_Wyndham_Hollywood_Vermont_Sunset-Los_Angeles_California.html
259,260,Comfort Inn - Los Angeles / West Sunset Blvd.,3.5 of 5 bubbles,https://www.tripadvisor.com//Hotel_Review-g32655-d272668-Reviews-Comfort_Inn_Los_Angeles_West_Sunset_Blvd-Los_Angeles_California.html
260,261,Comfort Inn & Suites Near Universal - N. Hollywood - Burbank,4 of 5 bubbles,https://www.tripadvisor.com//Hotel_Review-g32655-d632541-Reviews-Comfort_Inn_Suites_Near_Universal_N_Hollywood_Burbank-Los_Angeles_California.html
261,262,SureStay Hotel by Best Western Beverly Hills West LA,3.5 of 5 bubbles,https://www.tripadvisor.com//Hotel_Review-g32655-d84529-Reviews-SureStay_Hotel_by_Best_Western_Beverly_Hills_West_LA-Los_Angeles_California.html
262,263,Knights Inn Los Angeles Central/Convention Center Area,3.5 of 5 bubbles,https://www.tripadvisor.com//Hotel_Review-g32655-d589309-Reviews-Knights_Inn_Los_Angeles_Central_Convention_Center_Area-Los_Angeles_California.html
263,264,Quality Inn Near Hollywood Walk Of Fame,3.5 of 5 bubbles,https://www.tripadvisor.com//Hotel_Review-g32655-d84515-Reviews-Quality_Inn_Near_Hollywood_Walk_Of_Fame-Los_Angeles_California.html
264,265,Holiday Inn Express - Los Angeles Downtown West,3.5 of 5 bubbles,https://www.tripadvisor.com//Hotel_Review-g32655-d84286-Reviews-Holiday_Inn_Express_Los_Angeles_Downtown_West-Los_Angeles_California.html
265,266,American Hotel,3.5 of 5 bubbles,https://www.tripadvisor.com//Hotel_Review-g32655-d11728963-Reviews-American_Hotel-Los_Angeles_California.html
266,267,PodShare Venice,4 of 5 bubbles,https://www.tripadvisor.com//Hotel_Review-g32655-d12414225-Reviews-PodShare_Venice-Los_Angeles_California.html
267,268,Rodeway Inn Convention Center,3.5 of 5 bubbles,https://www.tripadvisor.com//Hotel_Review-g32655-d223042-Reviews-Rodeway_Inn_Convention_Center-Los_Angeles_California.html
268,269,Hometel Suites,4 of 5 bubbles,https://www.tripadvisor.com//Hotel_Review-g32655-d6220094-Reviews-Hometel_Suites-Los_Angeles_California.html
269,270,Motel 6 Los Angeles - Hollywood,3.5 of 5 bubbles,https://www.tripadvisor.com//Hotel_Review-g32655-d240151-Reviews-Motel_6_Los_Angeles_Hollywood-Los_Angeles_California.html
270,271,Garden Suites Hotel & Resort,3 of 5 bubbles,https://www.tripadvisor.com//Hotel_Review-g32655-d1528649-Reviews-Garden_Suites_Hotel_Resort-Los_Angeles_California.html
271,272,Rotex Plaza Hotel,3 of 5 bubbles,https://www.tripadvisor.com//Hotel_Review-g32655-d223050-Reviews-Rotex_Plaza_Hotel-Los_Angeles_California.html
272,273,L.A. Sky Boutique Hotel,3 of 5 bubbles,https://www.tripadvisor.com//Hotel_Review-g32655-d119414-Reviews-L_A_Sky_Boutique_Hotel-Los_Angeles_California.html
273,274,Sea Rock Inn,3.5 of 5 bubbles,https://www.tripadvisor.com//Hotel_Review-g32655-d83988-Reviews-Sea_Rock_Inn-Los_Angeles_California.html
274,275,Vagabond Inn Sylmar,3.5 of 5 bubbles,https://www.tripadvisor.com//Hotel_Review-g32655-d82304-Reviews-Vagabond_Inn_Sylmar-Los_Angeles_California.html
275,276,La Mirage Inn,3.5 of 5 bubbles,https://www.tripadvisor.com//Hotel_Review-g32655-d119464-Reviews-La_Mirage_Inn-Los_Angeles_California.html
276,277,Tuscan Garden Inn,3 of 5 bubbles,https://www.tripadvisor.com//Hotel_Review-g32655-d10439222-Reviews-Tuscan_Garden_Inn-Los_Angeles_California.html
277,278,Pacific Inn and Suites,3 of 5 bubbles,https://www.tripadvisor.com//Hotel_Review-g32655-d266004-Reviews-Pacific_Inn_and_Suites-Los_Angeles_California.html
278,279,Holiday Lodge,3 of 5 bubbles,https://www.tripadvisor.com//Hotel_Review-g32655-d8073001-Reviews-Holiday_Lodge-Los_Angeles_California.html
279,280,Economy Inn Hollywood,3 of 5 bubbles,https://www.tripadvisor.com//Hotel_Review-g32655-d247755-Reviews-Economy_Inn_Hollywood-Los_Angeles_California.html
280,281,Mid City Inn,5 of 5 bubbles,https://www.tripadvisor.com//Hotel_Review-g32655-d12842399-Reviews-Mid_City_Inn-Los_Angeles_California.html
281,282,Las Palmas Hotel,3.5 of 5 bubbles,https://www.tripadvisor.com//Hotel_Review-g32655-d15518157-Reviews-Las_Palmas_Hotel-Los_Angeles_California.html
282,283,Travelodge by Wyndham Sylmar CA,3 of 5 bubbles,https://www.tripadvisor.com//Hotel_Review-g32655-d634746-Reviews-Travelodge_by_Wyndham_Sylmar_CA-Los_Angeles_California.html
283,284,JJ Grand Hotel,3 of 5 bubbles,https://www.tripadvisor.com//Hotel_Review-g32655-d939204-Reviews-JJ_Grand_Hotel-Los_Angeles_California.html
284,285,Dunes Inn - Wilshire,3 of 5 bubbles,https://www.tripadvisor.com//Hotel_Review-g32655-d77717-Reviews-Dunes_Inn_Wilshire-Los_Angeles_California.html
285,286,Casa Bella Inn,3 of 5 bubbles,https://www.tripadvisor.com//Hotel_Review-g32655-d3199519-Reviews-Casa_Bella_Inn-Los_Angeles_California.html
286,287,Hollywood VIP Hotel,3 of 5 bubbles,https://www.tripadvisor.com//Hotel_Review-g32655-d119422-Reviews-Hollywood_VIP_Hotel-Los_Angeles_California.html
287,288,Kawada Hotel,3 of 5 bubbles,https://www.tripadvisor.com//Hotel_Review-g32655-d77809-Reviews-Kawada_Hotel-Los_Angeles_California.html
288,289,Le Bon Hotel,3 of 5 bubbles,https://www.tripadvisor.com//Hotel_Review-g32655-d5598088-Reviews-Le_Bon_Hotel-Los_Angeles_California.html
289,290,Budget Inn,4 of 5 bubbles,https://www.tripadvisor.com//Hotel_Review-g32655-d16760649-Reviews-Budget_Inn-Los_Angeles_California.html
290,291,Hollywood Guest Inn,3 of 5 bubbles,https://www.tripadvisor.com//Hotel_Review-g32655-d119477-Reviews-Hollywood_Guest_Inn-Los_Angeles_California.html
291,292,Woodland Hills Calabasas Guesthouses,3 of 5 bubbles,https://www.tripadvisor.com//Hotel_Review-g32655-d11732188-Reviews-Woodland_Hills_Calabasas_Guesthouses-Los_Angeles_California.html
292,293,Hollywood Budget Guest Rooms,3 of 5 bubbles,https://www.tripadvisor.com//Hotel_Review-g32655-d19105092-Reviews-Hollywood_Budget_Guest_Rooms-Los_Angeles_California.html
293,294,Studio City Inn,3 of 5 bubbles,https://www.tripadvisor.com//Hotel_Review-g32655-d9980207-Reviews-Studio_City_Inn-Los_Angeles_California.html
294,295,Libra Hotel,3 of 5 bubbles,https://www.tripadvisor.com//Hotel_Review-g32655-d12862631-Reviews-Libra_Hotel-Los_Angeles_California.html
295,296,Bevonshire Lodge Motel,3 of 5 bubbles,https://www.tripadvisor.com//Hotel_Review-g32655-d248069-Reviews-Bevonshire_Lodge_Motel-Los_Angeles_California.html
296,297,La Mirage Inn,3 of 5 bubbles,https://www.tripadvisor.com//Hotel_Review-g32655-d2521962-Reviews-La_Mirage_Inn-Los_Angeles_California.html
297,298,Extended Stay America - Los Angeles - Northridge,3 of 5 bubbles,https://www.tripadvisor.com//Hotel_Review-g32655-d570515-Reviews-Extended_Stay_America_Los_Angeles_Northridge-Los_Angeles_California.html
298,299,Motel 6 Canoga Park,3 of 5 bubbles,https://www.tripadvisor.com//Hotel_Review-g32655-d313508-Reviews-Motel_6_Canoga_Park-Los_Angeles_California.html
299,300,Ramada by Wyndham Los Angeles/Wilshire Center,3 of 5 bubbles,https://www.tripadvisor.com//Hotel_Review-g32655-d84480-Reviews-Ramada_by_Wyndham_Los_Angeles_Wilshire_Center-Los_Angeles_California.html
300,301,Stillwell Hotel,3 of 5 bubbles,https://www.tripadvisor.com//Hotel_Review-g32655-d77859-Reviews-Stillwell_Hotel-Los_Angeles_California.html
301,302,Valley Inn,2.5 of 5 bubbles,https://www.tripadvisor.com//Hotel_Review-g32655-d576828-Reviews-Valley_Inn-Los_Angeles_California.html
302,303,Extended Stay America - Los Angeles - Woodland Hills,2.5 of 5 bubbles,https://www.tripadvisor.com//Hotel_Review-g32655-d226056-Reviews-Extended_Stay_America_Los_Angeles_Woodland_Hills-Los_Angeles_California.html
303,304,"Motel 6 North Hills, CA - Van Nuys - Los Angeles",2.5 of 5 bubbles,https://www.tripadvisor.com//Hotel_Review-g32655-d240156-Reviews-Motel_6_North_Hills_CA_Van_Nuys_Los_Angeles-Los_Angeles_California.html
304,305,Super 8 by Wyndham Hollywood/La Area,2.5 of 5 bubbles,https://www.tripadvisor.com//Hotel_Review-g32655-d235134-Reviews-Super_8_by_Wyndham_Hollywood_La_Area-Los_Angeles_California.html
305,306,Monterey Inn,2.5 of 5 bubbles,https://www.tripadvisor.com//Hotel_Review-g32655-d271607-Reviews-Monterey_Inn-Los_Angeles_California.html
306,307,Hollywood Inn Express North,2.5 of 5 bubbles,https://www.tripadvisor.com//Hotel_Review-g32655-d559383-Reviews-Hollywood_Inn_Express_North-Los_Angeles_California.html
307,308,LA Western Inn Hotel,2 of 5 bubbles,https://www.tripadvisor.com//Hotel_Review-g32655-d4749738-Reviews-LA_Western_Inn_Hotel-Los_Angeles_California.html
308,309,Park Motel,2.5 of 5 bubbles,https://www.tripadvisor.com//Hotel_Review-g32655-d10319182-Reviews-Park_Motel-Los_Angeles_California.html
309,310,Crenshaw Inn Motel,2.5 of 5 bubbles,https://www.tripadvisor.com//Hotel_Review-g32655-d7234925-Reviews-Crenshaw_Inn_Motel-Los_Angeles_California.html
310,311,Relax Inn Motel,2.5 of 5 bubbles,https://www.tripadvisor.com//Hotel_Review-g32655-d1640422-Reviews-Relax_Inn_Motel-Los_Angeles_California.html
311,312,Hollywood Palms Inn & Suites,2.5 of 5 bubbles,https://www.tripadvisor.com//Hotel_Review-g32655-d2195420-Reviews-Hollywood_Palms_Inn_Suites-Los_Angeles_California.html
312,313,Hollywood Inn Express South,2.5 of 5 bubbles,https://www.tripadvisor.com//Hotel_Review-g32655-d549441-Reviews-Hollywood_Inn_Express_South-Los_Angeles_California.html
313,314,Good Knight Inn Motel,2.5 of 5 bubbles,https://www.tripadvisor.com//Hotel_Review-g32655-d271525-Reviews-Good_Knight_Inn_Motel-Los_Angeles_California.html
314,315,Comet Motel,2 of 5 bubbles,https://www.tripadvisor.com//Hotel_Review-g32655-d6627200-Reviews-Comet_Motel-Los_Angeles_California.html
315,316,El Patio Inn,2.5 of 5 bubbles,https://www.tripadvisor.com//Hotel_Review-g32655-d217256-Reviews-El_Patio_Inn-Los_Angeles_California.html
316,317,Antonio Hotel,2.5 of 5 bubbles,https://www.tripadvisor.com//Hotel_Review-g32655-d6619069-Reviews-Antonio_Hotel-Los_Angeles_California.html
317,318,777 Motor Inn,2.5 of 5 bubbles,https://www.tripadvisor.com//Hotel_Review-g32655-d817023-Reviews-777_Motor_Inn-Los_Angeles_California.html
318,319,Roxy Hotel,2 of 5 bubbles,https://www.tripadvisor.com//Hotel_Review-g32655-d9800844-Reviews-Roxy_Hotel-Los_Angeles_California.html
319,320,Los Angeles Inn & Suites - LAX,1.5 of 5 bubbles,https://www.tripadvisor.com//Hotel_Review-g32655-d14922249-Reviews-Los_Angeles_Inn_Suites_LAX-Los_Angeles_California.html
320,321,Rodeway Inn Canoga Park,1.5 of 5 bubbles,https://www.tripadvisor.com//Hotel_Review-g32655-d5556244-Reviews-Rodeway_Inn_Canoga_Park-Los_Angeles_California.html
321,322,Hollywood and Highland Hotel and Hostel,2.5 of 5 bubbles,https://www.tripadvisor.com//Hotel_Review-g32655-d1150817-Reviews-Hollywood_and_Highland_Hotel_and_Hostel-Los_Angeles_California.html
322,323,Travel Inn,2.5 of 5 bubbles,https://www.tripadvisor.com//Hotel_Review-g32655-d271481-Reviews-Travel_Inn-Los_Angeles_California.html
323,324,Hometown Inn,2.5 of 5 bubbles,https://www.tripadvisor.com//Hotel_Review-g32655-d271479-Reviews-Hometown_Inn-Los_Angeles_California.html
324,325,Hyland Motel Van Nuys,2 of 5 bubbles,https://www.tripadvisor.com//Hotel_Review-g32655-d1229893-Reviews-Hyland_Motel_Van_Nuys-Los_Angeles_California.html
325,326,Central Inn Motel,1 of 5 bubbles,https://www.tripadvisor.com//Hotel_Review-g32655-d3348276-Reviews-Central_Inn_Motel-Los_Angeles_California.html
326,327,Ramona Motel,2 of 5 bubbles,https://www.tripadvisor.com//Hotel_Review-g32655-d8773221-Reviews-Ramona_Motel-Los_Angeles_California.html
327,328,Beverly Inn,2.5 of 5 bubbles,https://www.tripadvisor.com//Hotel_Review-g32655-d119492-Reviews-Beverly_Inn-Los_Angeles_California.html
328,329,Hotel Silver Lake Los Angeles,2.5 of 5 bubbles,https://www.tripadvisor.com//Hotel_Review-g32655-d84513-Reviews-Hotel_Silver_Lake_Los_Angeles-Los_Angeles_California.html
329,330,Highland Park Motel,1 of 5 bubbles,https://www.tripadvisor.com//Hotel_Review-g32655-d7591176-Reviews-Highland_Park_Motel-Los_Angeles_California.html
330,331,City Center Hotel,2 of 5 bubbles,https://www.tripadvisor.com//Hotel_Review-g32655-d1591524-Reviews-City_Center_Hotel-Los_Angeles_California.html
331,332,Stuart Hotel,1.5 of 5 bubbles,https://www.tripadvisor.com//Hotel_Review-g32655-d1628931-Reviews-Stuart_Hotel-Los_Angeles_California.html
332,333,Budget Inn Hollywood,1.5 of 5 bubbles,https://www.tripadvisor.com//Hotel_Review-g32655-d1186068-Reviews-Budget_Inn_Hollywood-Los_Angeles_California.html
333,334,Vantage Point Inn,0 of 5 bubbles,https://www.tripadvisor.com//Hotel_Review-g32655-d20951652-Reviews-Vantage_Point_Inn-Los_Angeles_California.html
334,335,Legend Hotel Hollywood,0 of 5 bubbles,https://www.tripadvisor.com//Hotel_Review-g32655-d17352632-Reviews-Legend_Hotel_Hollywood-Los_Angeles_California.html
335,336,Anchor Pointe Inn,0 of 5 bubbles,https://www.tripadvisor.com//Hotel_Review-g32655-d271612-Reviews-Anchor_Pointe_Inn-Los_Angeles_California.html
336,337,Downtown LA Stylish,0 of 5 bubbles,https://www.tripadvisor.com//Hotel_Review-g32655-d22832752-Reviews-Downtown_LA_Stylish-Los_Angeles_California.html
337,338,Budget Inn,0 of 5 bubbles,https://www.tripadvisor.com//Hotel_Review-g32655-d8693946-Reviews-Budget_Inn-Los_Angeles_California.html
338,339,H By H Hospitality,1 of 5 bubbles,https://www.tripadvisor.com//Hotel_Review-g32655-d10057310-Reviews-H_By_H_Hospitality-Los_Angeles_California.html
339,340,Life is Good Bed & Breakfast,5 of 5 bubbles,https://www.tripadvisor.com//Hotel_Review-g32655-d6990280-Reviews-Life_is_Good_Bed_Breakfast-Los_Angeles_California.html
340,341,Sweet Dreams B&B,5 of 5 bubbles,https://www.tripadvisor.com//Hotel_Review-g32655-d6700247-Reviews-Sweet_Dreams_B_B-Los_Angeles_California.html
341,342,Jerry's Motel,4.5 of 5 bubbles,https://www.tripadvisor.com//Hotel_Review-g32655-d1439222-Reviews-Jerry_s_Motel-Los_Angeles_California.html
342,343,The Orlando Hotel,4.5 of 5 bubbles,https://www.tripadvisor.com//Hotel_Review-g32655-d84561-Reviews-The_Orlando_Hotel-Los_Angeles_California.html
343,344,Ellison Suites,4.5 of 5 bubbles,https://www.tripadvisor.com//Hotel_Review-g32655-d8310224-Reviews-Ellison_Suites-Los_Angeles_California.html
344,345,The Standard Downtown LA,3.5 of 5 bubbles,https://www.tripadvisor.com//Hotel_Review-g32655-d249696-Reviews-The_Standard_Downtown_LA-Los_Angeles_California.html
345,346,The NoMad Hotel Los Angeles,4.5 of 5 bubbles,https://www.tripadvisor.com//Hotel_Review-g32655-d12934528-Reviews-The_NoMad_Hotel_Los_Angeles-Los_Angeles_California.html
346,347,"The Treehouse, Bel Air",5 of 5 bubbles,https://www.tripadvisor.com//Hotel_Review-g32655-d12571192-Reviews-The_Treehouse_Bel_Air-Los_Angeles_California.html
347,348,Villa Delle Stelle,4.5 of 5 bubbles,https://www.tripadvisor.com//Hotel_Review-g32655-d621153-Reviews-Villa_Delle_Stelle-Los_Angeles_California.html
348,349,The Mayfair Hotel Los Angeles,4 of 5 bubbles,https://www.tripadvisor.com//Hotel_Review-g32655-d77753-Reviews-The_Mayfair_Hotel_Los_Angeles-Los_Angeles_California.html
349,350,Park Plaza Lodge Hotel,3.5 of 5 bubbles,https://www.tripadvisor.com//Hotel_Review-g32655-d630945-Reviews-Park_Plaza_Lodge_Hotel-Los_Angeles_California.html
350,351,Shelter Hotels Los Angeles,3.5 of 5 bubbles,https://www.tripadvisor.com//Hotel_Review-g32655-d1457221-Reviews-Shelter_Hotels_Los_Angeles-Los_Angeles_California.html
351,352,Vagabond Inn Los Angeles at USC,3.5 of 5 bubbles,https://www.tripadvisor.com//Hotel_Review-g32655-d77870-Reviews-Vagabond_Inn_Los_Angeles_at_USC-Los_Angeles_California.html
352,353,Royal Pagoda Motel,3.5 of 5 bubbles,https://www.tripadvisor.com//Hotel_Review-g32655-d613137-Reviews-Royal_Pagoda_Motel-Los_Angeles_California.html
353,354,Sanborn Guest House,4.5 of 5 bubbles,https://www.tripadvisor.com//Hotel_Review-g32655-d73734-Reviews-Sanborn_Guest_House-Los_Angeles_California.html
354,355,Good Nite Inn West Los Angeles,3.5 of 5 bubbles,https://www.tripadvisor.com//Hotel_Review-g32655-d82633-Reviews-Good_Nite_Inn_West_Los_Angeles-Los_Angeles_California.html
355,356,Los Angeles RoomRentals Harvard Heights,4 of 5 bubbles,https://www.tripadvisor.com//Hotel_Review-g32655-d15232958-Reviews-Los_Angeles_RoomRentals_Harvard_Heights-Los_Angeles_California.html
356,357,Melrose Hostel,4.5 of 5 bubbles,https://www.tripadvisor.com//Hotel_Review-g32655-d12608629-Reviews-Melrose_Hostel-Los_Angeles_California.html
357,358,Gold-Diggers,4.5 of 5 bubbles,https://www.tripadvisor.com//Hotel_Review-g32655-d15047833-Reviews-Gold_Diggers-Los_Angeles_California.html
358,359,Toluca Hills by Avalon,3.5 of 5 bubbles,https://www.tripadvisor.com//Hotel_Review-g32655-d223047-Reviews-Toluca_Hills_by_Avalon-Los_Angeles_California.html
359,360,Oakwood Apartments - Woodland Hills,4 of 5 bubbles,https://www.tripadvisor.com//Hotel_Review-g32655-d226057-Reviews-Oakwood_Apartments_Woodland_Hills-Los_Angeles_California.html
360,361,Westchester Place,4 of 5 bubbles,https://www.tripadvisor.com//Hotel_Review-g32655-d15216599-Reviews-Westchester_Place-Los_Angeles_California.html
361,362,Barton Bungalow,4 of 5 bubbles,https://www.tripadvisor.com//Hotel_Review-g32655-d16913956-Reviews-Barton_Bungalow-Los_Angeles_California.html
362,363,Panoramic Central Residences,4 of 5 bubbles,https://www.tripadvisor.com//Hotel_Review-g32655-d16877074-Reviews-Panoramic_Central_Residences-Los_Angeles_California.html
363,364,C. Allen Suites,3 of 5 bubbles,https://www.tripadvisor.com//Hotel_Review-g32655-d9725917-Reviews-C_Allen_Suites-Los_Angeles_California.html
364,365,WaterMarke Tower,3 of 5 bubbles,https://www.tripadvisor.com//Hotel_Review-g32655-d2331981-Reviews-WaterMarke_Tower-Los_Angeles_California.html
365,366,Time Zone Hostel Hollywood,3 of 5 bubbles,https://www.tripadvisor.com//Hotel_Review-g32655-d12816949-Reviews-Time_Zone_Hostel_Hollywood-Los_Angeles_California.html
366,367,Hotel Solaire Los Angeles,3 of 5 bubbles,https://www.tripadvisor.com//Hotel_Review-g32655-d84320-Reviews-Hotel_Solaire_Los_Angeles-Los_Angeles_California.html
367,368,Global Luxury Suites at Marina Del Ray,3 of 5 bubbles,https://www.tripadvisor.com//Hotel_Review-g32655-d19014691-Reviews-Global_Luxury_Suites_at_Marina_Del_Ray-Los_Angeles_California.html
368,369,Villa Bel Air,3 of 5 bubbles,https://www.tripadvisor.com//Hotel_Review-g32655-d15841243-Reviews-Villa_Bel_Air-Los_Angeles_California.html
369,370,Hollywood Landmark Residences,3 of 5 bubbles,https://www.tripadvisor.com//Hotel_Review-g32655-d16916858-Reviews-Hollywood_Landmark_Residences-Los_Angeles_California.html
370,371,MT Gleason Motor Lodge,3 of 5 bubbles,https://www.tripadvisor.com//Hotel_Review-g32655-d3874334-Reviews-MT_Gleason_Motor_Lodge-Los_Angeles_California.html
371,372,The Rosemary,3 of 5 bubbles,https://www.tripadvisor.com//Hotel_Review-g32655-d20317781-Reviews-The_Rosemary-Los_Angeles_California.html
372,373,Sunshine Suites at The Piero,3 of 5 bubbles,https://www.tripadvisor.com//Hotel_Review-g32655-d5016572-Reviews-Sunshine_Suites_at_The_Piero-Los_Angeles_California.html
373,374,HI Los Angeles - South Bay,3 of 5 bubbles,https://www.tripadvisor.com//Hotel_Review-g32655-d1198934-Reviews-HI_Los_Angeles_South_Bay-Los_Angeles_California.html
374,375,Royal Viking Motel,3 of 5 bubbles,https://www.tripadvisor.com//Hotel_Review-g32655-d2232268-Reviews-Royal_Viking_Motel-Los_Angeles_California.html
375,376,H California,3.5 of 5 bubbles,https://www.tripadvisor.com//Hotel_Review-g32655-d15086577-Reviews-H_California-Los_Angeles_California.html
376,377,Anderson Estates,3 of 5 bubbles,https://www.tripadvisor.com//Hotel_Review-g32655-d9812841-Reviews-Anderson_Estates-Los_Angeles_California.html
377,378,Wilshire Orange Hotel,2.5 of 5 bubbles,https://www.tripadvisor.com//Hotel_Review-g32655-d2664147-Reviews-Wilshire_Orange_Hotel-Los_Angeles_California.html
378,379,DTLA Hotel,3 of 5 bubbles,https://www.tripadvisor.com//Hotel_Review-g32655-d249704-Reviews-DTLA_Hotel-Los_Angeles_California.html
379,380,Wellworth Apartments,2 of 5 bubbles,https://www.tripadvisor.com//Hotel_Review-g32655-d12802627-Reviews-Wellworth_Apartments-Los_Angeles_California.html
380,381,Rodeway Inn,2.5 of 5 bubbles,https://www.tripadvisor.com//Hotel_Review-g32655-d13486499-Reviews-Rodeway_Inn-Los_Angeles_California.html
381,382,Los Angeles Roomrentals Pico Del Mar,2.5 of 5 bubbles,https://www.tripadvisor.com//Hotel_Review-g32655-d17761166-Reviews-Los_Angeles_Roomrentals_Pico_Del_Mar-Los_Angeles_California.html
382,383,The Vivoli House Apartments,2 of 5 bubbles,https://www.tripadvisor.com//Hotel_Review-g32655-d6729733-Reviews-The_Vivoli_House_Apartments-Los_Angeles_California.html
383,384,West Inn Hotel,2.5 of 5 bubbles,https://www.tripadvisor.com//Hotel_Review-g32655-d12164429-Reviews-West_Inn_Hotel-Los_Angeles_California.html
384,385,Copacabana Inn,1 of 5 bubbles,https://www.tripadvisor.com//Hotel_Review-g32655-d7126037-Reviews-Copacabana_Inn-Los_Angeles_California.html
385,386,Sunrise Motel,1 of 5 bubbles,https://www.tripadvisor.com//Hotel_Review-g32655-d12448634-Reviews-Sunrise_Motel-Los_Angeles_California.html
386,387,Hotel K Town,2.5 of 5 bubbles,https://www.tripadvisor.com//Hotel_Review-g32655-d12880276-Reviews-Hotel_K_Town-Los_Angeles_California.html
387,388,Los Angeles Downtown Apartments,1 of 5 bubbles,https://www.tripadvisor.com//Hotel_Review-g32655-d16478724-Reviews-Los_Angeles_Downtown_Apartments-Los_Angeles_California.html
388,389,Top Hat Motel,2 of 5 bubbles,https://www.tripadvisor.com//Hotel_Review-g32655-d12103665-Reviews-Top_Hat_Motel-Los_Angeles_California.html
389,390,Venice Beach Vacation Condos,2 of 5 bubbles,https://www.tripadvisor.com//Hotel_Review-g32655-d16666238-Reviews-Venice_Beach_Vacation_Condos-Los_Angeles_California.html
390,391,Windwood Stylish Spaces,0 of 5 bubbles,https://www.tripadvisor.com//Hotel_Review-g32655-d21400648-Reviews-Windwood_Stylish_Spaces-Los_Angeles_California.html
391,392,Heart Of Koreatown Pilgrim House,0 of 5 bubbles,https://www.tripadvisor.com//Hotel_Review-g32655-d16762952-Reviews-Heart_Of_Koreatown_Pilgrim_House-Los_Angeles_California.html
392,393,Global Luxury Suites At Tiverton Ave,0 of 5 bubbles,https://www.tripadvisor.com//Hotel_Review-g32655-d23276882-Reviews-Global_Luxury_Suites_At_Tiverton_Ave-Los_Angeles_California.html
393,394,Downtown Los Angeles Proper,0 of 5 bubbles,https://www.tripadvisor.com//Hotel_Review-g32655-d19900021-Reviews-Downtown_Los_Angeles_Proper-Los_Angeles_California.html
394,395,Artist Housing Westlake/K-Town,0 of 5 bubbles,https://www.tripadvisor.com//Hotel_Review-g32655-d23239525-Reviews-Artist_Housing_Westlake_K_Town-Los_Angeles_California.html
395,396,Beverly Hills Condos,0 of 5 bubbles,https://www.tripadvisor.com//Hotel_Review-g32655-d23183099-Reviews-Beverly_Hills_Condos-Los_Angeles_California.html
396,397,Beverly Boutique Apartroom of Hollywood,0 of 5 bubbles,https://www.tripadvisor.com//Hotel_Review-g32655-d20071034-Reviews-Beverly_Boutique_Apartroom_of_Hollywood-Los_Angeles_California.html
397,398,Vacation Home Oceana Los Angeles,0 of 5 bubbles,https://www.tripadvisor.com//Hotel_Review-g32655-d20996859-Reviews-Vacation_Home_Oceana_Los_Angeles-Los_Angeles_California.html
398,399,Luxury Apartments In The Center Of Beverly Hills,0 of 5 bubbles,https://www.tripadvisor.com//Hotel_Review-g32655-d20099540-Reviews-Luxury_Apartments_In_The_Center_Of_Beverly_Hills-Los_Angeles_California.html
399,400,Spacious & Quiet Gems - Westwood & Ucla,0 of 5 bubbles,https://www.tripadvisor.com//Hotel_Review-g32655-d17757569-Reviews-Spacious_Quiet_Gems_Westwood_Ucla-Los_Angeles_California.html
400,401,New Downtown LA Luxury Jr. Penthouse,0 of 5 bubbles,https://www.tripadvisor.com//Hotel_Review-g32655-d20946645-Reviews-New_Downtown_LA_Luxury_Jr_Penthouse-Los_Angeles_California.html
401,402,Beverly Hills Celebrity Home,0 of 5 bubbles,https://www.tripadvisor.com//Hotel_Review-g32655-d20403511-Reviews-Beverly_Hills_Celebrity_Home-Los_Angeles_California.html
402,403,Luxury Westwood Apartments,0 of 5 bubbles,https://www.tripadvisor.com//Hotel_Review-g32655-d23128813-Reviews-Luxury_Westwood_Apartments-Los_Angeles_California.html
403,404,Los Angeles Luxury Villa Suites,0 of 5 bubbles,https://www.tripadvisor.com//Hotel_Review-g32655-d23163334-Reviews-Los_Angeles_Luxury_Villa_Suites-Los_Angeles_California.html
404,405,Best Motel Sylmar Los Angeles,0 of 5 bubbles,https://www.tripadvisor.com//Hotel_Review-g32655-d21277517-Reviews-Best_Motel_Sylmar_Los_Angeles-Los_Angeles_California.html
405,406,Ocean Front/View Bunk Beds Free Bikes,0 of 5 bubbles,https://www.tripadvisor.com//Hotel_Review-g32655-d20811975-Reviews-Ocean_Front_View_Bunk_Beds_Free_Bikes-Los_Angeles_California.html
406,407,Carlton Motel,0 of 5 bubbles,https://www.tripadvisor.com//Hotel_Review-g32655-d20481159-Reviews-Carlton_Motel-Los_Angeles_California.html
407,408,"Clean, Kind And Peaceful",0 of 5 bubbles,https://www.tripadvisor.com//Hotel_Review-g32655-d17569915-Reviews-Clean_Kind_And_Peaceful-Los_Angeles_California.html
408,409,Hollywood Ace Suites,0 of 5 bubbles,https://www.tripadvisor.com//Hotel_Review-g32655-d19421358-Reviews-Hollywood_Ace_Suites-Los_Angeles_California.html
409,410,Hollywood Urban Suites,0 of 5 bubbles,https://www.tripadvisor.com//Hotel_Review-g32655-d17620563-Reviews-Hollywood_Urban_Suites-Los_Angeles_California.html
410,411,Oakwood At The Adler,0 of 5 bubbles,https://www.tripadvisor.com//Hotel_Review-g32655-d23278384-Reviews-Oakwood_At_The_Adler-Los_Angeles_California.html
411,412,LA Westwood Deluxe Suites,0 of 5 bubbles,https://www.tripadvisor.com//Hotel_Review-g32655-d16951620-Reviews-LA_Westwood_Deluxe_Suites-Los_Angeles_California.html
412,413,Casa Valentine Inn - Los Angeles,0 of 5 bubbles,https://www.tripadvisor.com//Hotel_Review-g32655-d23174646-Reviews-Casa_Valentine_Inn_Los_Angeles-Los_Angeles_California.html
413,414,Heaven on Downtown LA,0 of 5 bubbles,https://www.tripadvisor.com//Hotel_Review-g32655-d21322601-Reviews-Heaven_on_Downtown_LA-Los_Angeles_California.html
414,415,Motel 66 Los Angeles,0 of 5 bubbles,https://www.tripadvisor.com//Hotel_Review-g32655-d21269215-Reviews-Motel_66_Los_Angeles-Los_Angeles_California.html
415,416,Modern Charm in DTLA,0 of 5 bubbles,https://www.tripadvisor.com//Hotel_Review-g32655-d21268752-Reviews-Modern_Charm_in_DTLA-Los_Angeles_California.html
416,417,Downtown Cosmopolitan Suites,0 of 5 bubbles,https://www.tripadvisor.com//Hotel_Review-g32655-d21320299-Reviews-Downtown_Cosmopolitan_Suites-Los_Angeles_California.html
417,418,Off to LA Hollywood Apartments,0 of 5 bubbles,https://www.tripadvisor.com//Hotel_Review-g32655-d17464657-Reviews-Off_to_LA_Hollywood_Apartments-Los_Angeles_California.html
418,419,Downtown La Comfortable Bedrooms,0 of 5 bubbles,https://www.tripadvisor.com//Hotel_Review-g32655-d20235975-Reviews-Downtown_La_Comfortable_Bedrooms-Los_Angeles_California.html
419,420,Jewel West La Santa Monica,0 of 5 bubbles,https://www.tripadvisor.com//Hotel_Review-g32655-d15306176-Reviews-Jewel_West_La_Santa_Monica-Los_Angeles_California.html
420,164,Hollywood Renaissance Suites,4.5 of 5 bubbles,https://www.tripadvisor.com//Hotel_Review-g32655-d1782807-Reviews-Hollywood_Renaissance_Suites-Los_Angeles_California.html
421,206,Vibe Hotel Hollywood,3 of 5 bubbles,https://www.tripadvisor.com//Hotel_Review-g32655-d577590-Reviews-Vibe_Hotel_Hollywood-Los_Angeles_California.html
422,221,Oakwood Olympic & Olive,5 of 5 bubbles,https://www.tripadvisor.com//Hotel_Review-g32655-d21392831-Reviews-Oakwood_Olympic_Olive-Los_Angeles_California.html
423,233,Eagle Inn Motel,4 of 5 bubbles,https://www.tripadvisor.com//Hotel_Review-g32655-d271599-Reviews-Eagle_Inn_Motel-Los_Angeles_California.html
424,68,Good Nite Inn Sylmar,4 of 5 bubbles,https://www.tripadvisor.com//Hotel_Review-g32655-d235456-Reviews-Good_Nite_Inn_Sylmar-Los_Angeles_California.html
425,80,The NoMad Hotel Los Angeles,4.5 of 5 bubbles,https://www.tripadvisor.com//Hotel_Review-g32655-d12934528-Reviews-The_NoMad_Hotel_Los_Angeles-Los_Angeles_California.html
426,88,The L.A. Grand Hotel Downtown,4 of 5 bubbles,https://www.tripadvisor.com//Hotel_Review-g32655-d113221-Reviews-The_L_A_Grand_Hotel_Downtown-Los_Angeles_California.html
427,95,Casa Hotel,4 of 5 bubbles,https://www.tripadvisor.com//Hotel_Review-g32655-d84440-Reviews-Casa_Hotel-Los_Angeles_California.html
428,105,Best Western Plus Dragon Gate Inn,4 of 5 bubbles,https://www.tripadvisor.com//Hotel_Review-g32655-d77729-Reviews-Best_Western_Plus_Dragon_Gate_Inn-Los_Angeles_California.html
429,108,Villa Delle Stelle,4.5 of 5 bubbles,https://www.tripadvisor.com//Hotel_Review-g32655-d621153-Reviews-Villa_Delle_Stelle-Los_Angeles_California.html
430,110,Airtel Plaza Hotel,4 of 5 bubbles,https://www.tripadvisor.com//Hotel_Review-g32655-d82491-Reviews-Airtel_Plaza_Hotel-Los_Angeles_California.html
431,112,The Mayfair Hotel Los Angeles,4 of 5 bubbles,https://www.tripadvisor.com//Hotel_Review-g32655-d77753-Reviews-The_Mayfair_Hotel_Los_Angeles-Los_Angeles_California.html
432,128,Hilgard House Hotel,4 of 5 bubbles,https://www.tripadvisor.com//Hotel_Review-g32655-d82656-Reviews-Hilgard_House_Hotel-Los_Angeles_California.html
433,145,Shelter Hotels Los Angeles,3.5 of 5 bubbles,https://www.tripadvisor.com//Hotel_Review-g32655-d1457221-Reviews-Shelter_Hotels_Los_Angeles-Los_Angeles_California.html
434,150,Vagabond Inn Los Angeles at USC,3.5 of 5 bubbles,https://www.tripadvisor.com//Hotel_Review-g32655-d77870-Reviews-Vagabond_Inn_Los_Angeles_at_USC-Los_Angeles_California.html
435,155,Days Inn by Wyndham Hollywood Near Universal Studios,3.5 of 5 bubbles,https://www.tripadvisor.com//Hotel_Review-g32655-d77256-Reviews-Days_Inn_by_Wyndham_Hollywood_Near_Universal_Studios-Los_Angeles_California.html
436,157,Good Nite Inn West Los Angeles,3.5 of 5 bubbles,https://www.tripadvisor.com//Hotel_Review-g32655-d82633-Reviews-Good_Nite_Inn_West_Los_Angeles-Los_Angeles_California.html
437,160,Super 8 by Wyndham Canoga Park,3.5 of 5 bubbles,https://www.tripadvisor.com//Hotel_Review-g32655-d252254-Reviews-Super_8_by_Wyndham_Canoga_Park-Los_Angeles_California.html
438,162,Super 8 by Wyndham Los Angeles/Alhambra,3.5 of 5 bubbles,https://www.tripadvisor.com//Hotel_Review-g32655-d235133-Reviews-Super_8_by_Wyndham_Los_Angeles_Alhambra-Los_Angeles_California.html
439,168,Cara Hotel,5 of 5 bubbles,https://www.tripadvisor.com//Hotel_Review-g32655-d133994-Reviews-Cara_Hotel-Los_Angeles_California.html
440,169,Vagabond Inn San Pedro,3.5 of 5 bubbles,https://www.tripadvisor.com//Hotel_Review-g32655-d81768-Reviews-Vagabond_Inn_San_Pedro-Los_Angeles_California.html
441,170,Four Points by Sheraton Los Angeles International Airport,3.5 of 5 bubbles,https://www.tripadvisor.com//Hotel_Review-g32655-d208191-Reviews-Four_Points_by_Sheraton_Los_Angeles_International_Airport-Los_Angeles_California.html
442,177,Royal Pagoda Motel,3.5 of 5 bubbles,https://www.tripadvisor.com//Hotel_Review-g32655-d613137-Reviews-Royal_Pagoda_Motel-Los_Angeles_California.html
443,195,The Sherman Hotel,3.5 of 5 bubbles,https://www.tripadvisor.com//Hotel_Review-g32655-d6985850-Reviews-The_Sherman_Hotel-Los_Angeles_California.html
444,196,Motel 6 Los Angeles - Harbor City,3.5 of 5 bubbles,https://www.tripadvisor.com//Hotel_Review-g32655-d244432-Reviews-Motel_6_Los_Angeles_Harbor_City-Los_Angeles_California.html
445,208,One Ten Motel,3.5 of 5 bubbles,https://www.tripadvisor.com//Hotel_Review-g32655-d10055640-Reviews-One_Ten_Motel-Los_Angeles_California.html
446,216,Casa Luan Motel,4.5 of 5 bubbles,https://www.tripadvisor.com//Hotel_Review-g32655-d6575566-Reviews-Casa_Luan_Motel-Los_Angeles_California.html
447,223,Howard Johnson Plaza Wilshire Royale,4 of 5 bubbles,https://www.tripadvisor.com//Hotel_Review-g32655-d1628810-Reviews-Howard_Johnson_Plaza_Wilshire_Royale-Los_Angeles_California.html
448,224,Travelodge Hotel At LAX,5 of 5 bubbles,https://www.tripadvisor.com//Hotel_Review-g32655-d17328590-Reviews-Travelodge_Hotel_At_LAX-Los_Angeles_California.html
449,234,Best Western Premier NoHo Inn,3 of 5 bubbles,https://www.tripadvisor.com//Hotel_Review-g32655-d15088172-Reviews-Best_Western_Premier_NoHo_Inn-Los_Angeles_California.html
